class,precision,recall,f1,support,tp,fp,fn
a 11-20mm polyp is present without any green/black box artefact.,0.0,0.0,0.0,1,0,0,1
a 15-millimeter polyp is noted in the colon during a colonoscopy.,0.0,0.0,0.0,1,0,0,1
a 15-millimeter polyp is present in the colon during a colonoscopy examination.,0.0,0.0,0.0,1,0,0,1
a 5- to 10-millimeter polyp is present in the colon during a colonoscopy.,0.0,0.0,0.0,1,0,0,1
"a 5- to 10-mm polyp is observed, consistent with a paris ip classification.",0.0,0.0,0.0,1,0,0,1
a 5-10mm polyp is present in the colon during a colonoscopy.,0.0,0.0,0.0,1,0,0,1
a 5-10mm polyp is present without any text elements visible.,0.0,0.0,0.0,1,0,0,1
a hyperplastic polyp measuring between 11 and 20 millimeters is present.,0.0,0.0,0.0,1,0,0,1
a large polyp greater than 20 millimeters in size is present in the colon.,0.0,0.0,0.0,1,0,0,1
a large polyp is present measuring greater than 20 millimeters.,0.0,0.0,0.0,1,0,0,1
"a large polyp is present, measuring greater than 20 millimeters in size.",0.0,0.0,0.0,1,0,0,1
a large polyp measuring greater than 20 millimeters is present.,0.0,0.0,0.0,1,0,0,1
a moderately sized tubular adenoma is identified in the colon.,0.0,0.0,0.0,1,0,0,1
a pedunculated polyp is identified in the colonic region.,0.0,0.0,0.0,1,0,0,1
a pedunculated polyp measuring 11 to 20 millimeters is present.,0.0,0.0,0.0,1,0,0,1
a polyp is present with a size ranging between 5 to 10 millimeters.,0.0,0.0,0.0,1,0,0,1
"a polyp measuring 11 to 20 millimeters is present, consistent with a paris classification type.",0.0,0.0,0.0,1,0,0,1
a polyp measuring between 11 to 20 millimeters is present in the examined area.,0.0,0.0,0.0,1,0,0,1
a polyp measuring between 11 to 20 millimeters is present.,0.0,0.0,0.0,1,0,0,1
a single 5-10mm polyp is present without any instruments.,0.0,0.0,0.0,1,0,0,1
a single polyp is identified without artefact or additional findings.,0.0,0.0,0.0,1,0,0,1
a single polyp is identified without evidence of artifact.,0.0,0.0,0.0,1,0,0,1
a single tube is present,0.0,0.0,0.0,2,0,0,2
a single tube is present in the field and no definitive evidence of polyp removal is observed.,0.0,0.0,0.0,1,0,0,1
a single tube is present in the gastrointestinal tract and polyp removal is not indicated.,0.0,0.0,0.0,1,0,0,1
a single tube is present in the image. text is visible.,0.0,0.0,0.0,2,0,0,2
a single tube is present in the upper-left quadrant. polyp removal is not pertinent to this finding.,0.0,0.0,0.0,1,0,0,1
a single tube is visible in the abdominal region and text is present in the image.,0.0,0.0,0.0,1,0,0,1
a single tube is visible in the field of view with no text detected.,0.0,0.0,0.0,1,0,0,1
a single tube is visible in the gastrointestinal tract and no polyps are present.,0.0,0.0,0.0,1,0,0,1
a single tube is visible in the gastrointestinal tract and no residual polyps are observed.,0.0,0.0,0.0,1,0,0,1
a single tube is visible in the gastrointestinal tract and polyp removal is not applicable.,0.0,0.0,0.0,1,0,0,1
a single tube is visible in the image with no text detected.,0.0,0.0,0.0,1,0,0,1
a single tube is visible in the image. text is present.,0.0,0.0,0.0,1,0,0,1
"a single tube is visualized in the gastrointestinal tract, and no polyps are noted.",0.0,0.0,0.0,1,0,0,1
"a single tubular device is visualized within the gastrointestinal tract, and no residual polyps are identified.",0.0,0.0,0.0,1,0,0,1
"a single tubular structure is present, and text is visible.",0.0,0.0,0.0,1,0,0,1
a single tubular structure is visible in the image and text is present.,0.0,0.0,0.0,1,0,0,1
a small polyp is observed measuring between 5 to 10 millimeters.,0.0,0.0,0.0,1,0,0,1
a small polyp is present measuring between 5 to 10 millimeters.,0.0,0.0,0.0,1,0,0,1
"a small polyp is present, measuring less than 5 millimeters in size.",0.0,0.0,0.0,1,0,0,1
"a small polyp is present, observed during a colonoscopy.",0.0,0.0,0.0,1,0,0,1
"a small polyp is visible, measuring between 11 to 20 millimeters in size.",0.0,0.0,0.0,1,0,0,1
a small polyp measuring less than 5 millimeters is present.,0.0,0.0,0.0,1,0,0,1
a tube is present in the abdominal region,0.0,0.0,0.0,1,0,0,1
a tube is visible in the abdominal region,0.0,0.0,0.0,1,0,0,1
a tube is visible in the image and a polyp measuring 5 to 10 millimeters is present.,0.0,0.0,0.0,1,0,0,1
adenomatous polyp detected,0.0,0.0,0.0,3,0,0,3
adenomatous polyp identified,0.0,0.0,0.0,1,0,0,1
adenomatous polyp noted,0.0,0.0,0.0,3,0,0,3
adenomatous polyp noted in the rectosigmoid region,0.0,0.0,0.0,1,0,0,1
adenomatous polyp seen in the colon,0.0,0.0,0.0,1,0,0,1
adenomatous polyp seen in the rectum,0.0,0.0,0.0,1,0,0,1
adenomatous polyp with sessile configuration,0.0,0.0,0.0,1,0,0,1
adenomatous polyp with tubular architecture,0.0,0.0,0.0,1,0,0,1
adenomatous polyp with tubular features,0.0,0.0,0.0,1,0,0,1
adenomatous polyp with tubular morphology,0.0,0.0,0.0,1,0,0,1
adenomatous polyp with villous features,0.0,0.0,0.0,3,0,0,3
all polyps have been completely removed,0.0,0.0,0.0,1,0,0,1
"anatomical landmarks are distributed in central and upper regions, and no polyps are present.",0.0,0.0,0.0,1,0,0,1
biopsy forceps and metal clip present,0.0,0.0,0.0,1,0,0,1
biopsy forceps are present and a polyp measuring 11 to 20 millimeters is observed.,0.0,0.0,0.0,1,0,0,1
biopsy forceps are present in the field and no polyp is observed.,0.0,0.0,0.0,1,0,0,1
biopsy forceps are visible and no residual polyps are present.,0.0,0.0,0.0,1,0,0,1
biopsy forceps identified in field,0.0,0.0,0.0,1,0,0,1
biopsy forceps identified in the field,0.0,0.0,0.0,2,0,0,2
biopsy forceps located in the gastrointestinal tract,0.0,0.0,0.0,2,0,0,2
biopsy forceps noted in the field,0.0,0.0,0.0,1,0,0,1
biopsy forceps observed in field,0.0,0.0,0.0,1,0,0,1
biopsy forceps observed in the field,0.0,0.0,0.0,2,0,0,2
biopsy forceps present in the field,0.0,0.0,0.0,2,0,0,2
characteristic of paris iia classification,0.0,0.0,0.0,4,0,0,4
classified as paris iia according to histopathology,0.0,0.0,0.0,1,0,0,1
clear visualization of the z-line and evidence of esophagitis,0.0,0.0,0.0,1,0,0,1
colonoscopic examination performed,0.0,0.0,0.0,1,0,0,1
colonoscopic examination performed; no polyps visualized.,0.0,0.0,0.0,1,0,0,1
colonoscopic examination reveals a polyp measuring 5 to 10 millimeters in size.,0.0,0.0,0.0,1,0,0,1
colonoscopic examination reveals a polyp measuring between 11 to 20 millimeters in size.,0.0,0.0,0.0,1,0,0,1
colonoscopic examination reveals a sessile polyp in the ascending colon.,0.0,0.0,0.0,1,0,0,1
colonoscopic examination reveals pink and red colored lesions.,0.0,0.0,0.0,1,0,0,1
colonoscopic examination shows a paris iia polyp with sessile features.,0.0,0.0,0.0,1,0,0,1
colonoscopic examination shows a polyp measuring 11 to 20 millimeters in size.,0.0,0.0,0.0,1,0,0,1
colonoscopic examination shows no evidence of polyps.,0.0,0.0,0.0,1,0,0,1
colonoscopic view showing a polyp measuring 5 to 10 millimeters in size.,0.0,0.0,0.0,1,0,0,1
colonoscopic view with a moderately sized polyp measuring 11 to 20 millimeters,0.0,0.0,0.0,1,0,0,1
colonoscopic view with a polyp measuring 5 to 10 millimeters in diameter,0.0,0.0,0.0,1,0,0,1
colonoscopy performed with evidence of a pedunculated polyp,0.0,0.0,0.0,2,0,0,2
colonoscopy was performed with a polyp measuring less than 5 mm and the ileum is visible.,0.0,0.0,0.0,1,0,0,1
colonoscopy was performed with evidence of a paris polyp noted.,0.0,0.0,0.0,1,0,0,1
colonoscopy was performed with visible text and green/black box artifacts present.,0.0,0.0,0.0,1,0,0,1
colonoscopy was performed with visible text and no remaining polyps detected.,0.0,0.0,0.0,1,0,0,1
"colonoscopy was performed, showing a pedunculated polyp in the ascending colon.",0.0,0.0,0.0,1,0,0,1
endoscopic evaluation of the stomach,0.0,0.0,0.0,1,0,0,1
endoscopic evaluation of the stomach with visible text on the screen,0.0,0.0,0.0,1,0,0,1
endoscopic examination of the stomach,0.0,0.0,0.0,1,0,0,1
endoscopic visualization of the gastric lining,0.0,0.0,0.0,1,0,0,1
endoscopic visualization of the stomach,0.0,0.0,0.0,1,0,0,1
evidence of a 5-10mm polyp and presence of a green/black box artefact,0.0,0.0,0.0,1,0,0,1
evidence of a 5-10mm polyp and presence of text visible,0.0,0.0,0.0,1,0,0,1
evidence of a 5-10mm polyp with visible text in the image.,0.0,0.0,0.0,1,0,0,1
evidence of a 5-10mm tubular adenoma is present.,0.0,0.0,0.0,1,0,0,1
evidence of a colonic polyp,0.0,0.0,0.0,13,0,0,13
evidence of a colonic polyp and presence of a green/black box artefact,0.0,0.0,0.0,1,0,0,1
evidence of a colonic polyp found during colonoscopy.,0.0,0.0,0.0,1,0,0,1
evidence of a colonic polyp identified during colonoscopy.,0.0,0.0,0.0,1,0,0,1
evidence of a colonic polyp is present. text is visible.,0.0,0.0,0.0,1,0,0,1
evidence of a colonic polyp noted during colonoscopy.,0.0,0.0,0.0,2,0,0,2
evidence of a colonic polyp observed during colonoscopy,0.0,0.0,0.0,1,0,0,1
evidence of a colonic polyp observed during colonoscopy.,0.0,0.0,0.0,1,0,0,1
evidence of a colonic polyp observed. text is present in the image.,0.0,0.0,0.0,1,0,0,1
evidence of a colonic polyp observed. text is present.,0.0,0.0,0.0,1,0,0,1
evidence of a colonoscopic examination with no visible polyps,0.0,0.0,0.0,1,0,0,1
evidence of a colonoscopic procedure with a pedunculated polyp identified,0.0,0.0,0.0,1,0,0,1
evidence of a colonoscopic procedure with a polyp measuring 5 to 10 millimeters in size.,0.0,0.0,0.0,1,0,0,1
evidence of a colonoscopic procedure with a small polyp measuring less than 5 millimeters,0.0,0.0,0.0,1,0,0,1
evidence of a colonoscopy procedure with text and a tube visualized,0.0,0.0,0.0,1,0,0,1
evidence of a colonoscopy with a paris iia polyp detected,0.0,0.0,0.0,1,0,0,1
evidence of a colonoscopy with a paris iia polyp identified,0.0,0.0,0.0,1,0,0,1
evidence of a colonoscopy with a paris iia polyp observed,0.0,0.0,0.0,1,0,0,1
evidence of a colonoscopy with a sessile serrated polyp identified,0.0,0.0,0.0,1,0,0,1
evidence of a colonoscopy with no polyp detected,0.0,0.0,0.0,1,0,0,1
evidence of a colonoscopy with no visible polyps,0.0,0.0,0.0,1,0,0,1
evidence of a colonoscopy with no visible polyps observed,0.0,0.0,0.0,1,0,0,1
evidence of a colonoscopy with residual polyp noted and incomplete polyp removal.,0.0,0.0,0.0,1,0,0,1
evidence of a colonoscopy with residual polyps present,0.0,0.0,0.0,1,0,0,1
evidence of a gastroscopy procedure with no polypoid lesions detected,0.0,0.0,0.0,1,0,0,1
evidence of a green and black box artefact with visible text is present.,0.0,0.0,0.0,1,0,0,1
evidence of a green-black box artifact and a paris iia polyp observed,0.0,0.0,0.0,1,0,0,1
evidence of a paris classification polyp and a green/black box artefact is present.,0.0,0.0,0.0,1,0,0,1
evidence of a paris classification polyp is present with no green or black box artefacts detected.,0.0,0.0,0.0,1,0,0,1
evidence of a paris iia type polyp is identified in the gastrointestinal tract.,0.0,0.0,0.0,1,0,0,1
evidence of a paris iia type polyp is noted in the colon.,0.0,0.0,0.0,1,0,0,1
evidence of a paris iia type polyp with size greater than 20 millimeters,0.0,0.0,0.0,1,0,0,1
evidence of a paris ip polyp is present along with visible text and focal mucosal abnormalities.,0.0,0.0,0.0,1,0,0,1
"evidence of a paris ip polyp is seen, and the image was obtained during a colonoscopy.",0.0,0.0,0.0,1,0,0,1
evidence of a paris ip polyp with text present in the image.,0.0,0.0,0.0,1,0,0,1
evidence of a paris ip polyp with visible text present.,0.0,0.0,0.0,1,0,0,1
evidence of a paris ip type polyp detected,0.0,0.0,0.0,2,0,0,2
evidence of a paris ip type polyp with visible text noted.,0.0,0.0,0.0,1,0,0,1
evidence of a paris type ii polyp is noted.,0.0,0.0,0.0,1,0,0,1
evidence of a paris type iia polyp and green/black box artefact is present.,0.0,0.0,0.0,1,0,0,1
evidence of a paris type iia polyp is present without any green or black box artefacts.,0.0,0.0,0.0,1,0,0,1
evidence of a paris-type polyp is noted in the gastrointestinal tract.,0.0,0.0,0.0,1,0,0,1
evidence of a paris-type polyp is observed in the upper gastrointestinal tract.,0.0,0.0,0.0,1,0,0,1
evidence of a paris-type polyp is present in the gastrointestinal tract.,0.0,0.0,0.0,1,0,0,1
evidence of a paris-type polyp noted in the colon,0.0,0.0,0.0,1,0,0,1
evidence of a pedunculated polyp in the colon,0.0,0.0,0.0,1,0,0,1
evidence of a pedunculated polyp in the colon.,0.0,0.0,0.0,1,0,0,1
evidence of a pedunculated polyp in the colorectum,0.0,0.0,0.0,1,0,0,1
evidence of a pedunculated polyp in the terminal ileum,0.0,0.0,0.0,1,0,0,1
evidence of a pedunculated polyp is noted in the colon.,0.0,0.0,0.0,1,0,0,1
evidence of a polyp detected in the gastrointestinal tract.,0.0,0.0,0.0,1,0,0,1
evidence of a polyp is noted in the colon during a colonoscopy.,0.0,0.0,0.0,1,0,0,1
evidence of a polyp is observed along with visible text in the image.,0.0,0.0,0.0,1,0,0,1
"evidence of a polyp is present in the image, along with visible text, and the polyp appears to be a paris ip type.",0.0,0.0,0.0,1,0,0,1
evidence of a polyp noted. no green/black box artefact observed.,0.0,0.0,0.0,1,0,0,1
evidence of a polypoid lesion,0.0,0.0,0.0,1,0,0,1
evidence of a recent colonoscopy with residual polyps noted,0.0,0.0,0.0,1,0,0,1
evidence of a remaining polyp is present in the colon.,0.0,0.0,0.0,1,0,0,1
evidence of a residual polyp is present in the colon.,0.0,0.0,0.0,2,0,0,2
evidence of a residual polyp is present in the examined region.,0.0,0.0,0.0,1,0,0,1
evidence of a sessile polyp in the rectosigmoid region,0.0,0.0,0.0,1,0,0,1
evidence of a sessile polyp is noted in the colon.,0.0,0.0,0.0,1,0,0,1
evidence of a single colonic polyp is present. no green or black box artefact is noted.,0.0,0.0,0.0,1,0,0,1
evidence of a single polyp,0.0,0.0,0.0,1,0,0,1
evidence of a single polyp detected in the colon during colonoscopy.,0.0,0.0,0.0,1,0,0,1
evidence of a single polyp noted during colonoscopy.,0.0,0.0,0.0,1,0,0,1
evidence of a single polyp noted. text is present in the image.,0.0,0.0,0.0,1,0,0,1
evidence of a single polyp seen during a colonoscopy.,0.0,0.0,0.0,1,0,0,1
evidence of a single polyp seen in the colon. the image is from a colonoscopy procedure.,0.0,0.0,0.0,1,0,0,1
evidence of a single polypoid lesion,0.0,0.0,0.0,3,0,0,3
evidence of a single polypoid lesion and presence of artefact,0.0,0.0,0.0,1,0,0,1
evidence of a single polypoid lesion detected. no green or black box artefact observed.,0.0,0.0,0.0,1,0,0,1
evidence of a single polypoid lesion is present.,0.0,0.0,0.0,1,0,0,1
evidence of a single polypoid lesion noted. no green or black box artefact observed.,0.0,0.0,0.0,1,0,0,1
evidence of a single polypoid lesion observed in the gastrointestinal tract.,0.0,0.0,0.0,1,0,0,1
evidence of a single polypoidal lesion is present. text is visible.,0.0,0.0,0.0,1,0,0,1
evidence of a single polypoidal lesion noted. no green/black box artefact observed.,0.0,0.0,0.0,1,0,0,1
evidence of a single polypoidal lesion remains in the colon.,0.0,0.0,0.0,1,0,0,1
evidence of a single tube in the abdomen,0.0,0.0,0.0,1,0,0,1
evidence of a single tube present,0.0,0.0,0.0,3,0,0,3
evidence of a small bowel polyp,0.0,0.0,0.0,1,0,0,1
evidence of a small polyp detected during colonoscopy.,0.0,0.0,0.0,1,0,0,1
evidence of a small polyp is present. text is visible.,0.0,0.0,0.0,1,0,0,1
evidence of a small polyp noted in the gastrointestinal tract. text is present.,0.0,0.0,0.0,1,0,0,1
evidence of a solitary polyp is present. no green/black box artefact is noted.,0.0,0.0,0.0,1,0,0,1
evidence of barrett's esophagus and esophagitis,0.0,0.0,0.0,2,0,0,2
evidence of barrett's esophagus and inflammatory changes seen; performed during gastroscopy,0.0,0.0,0.0,1,0,0,1
evidence of black and green artifacts observed,0.0,0.0,0.0,1,0,0,1
evidence of black and green box artifacts,0.0,0.0,0.0,2,0,0,2
evidence of black box artifact present,0.0,0.0,0.0,1,0,0,1
evidence of box-like artifacts,0.0,0.0,0.0,1,0,0,1
evidence of box-like artifacts noted,0.0,0.0,0.0,3,0,0,3
evidence of box-like artifacts observed,0.0,0.0,0.0,10,0,0,10
evidence of box-like artifacts present,0.0,0.0,0.0,2,0,0,2
evidence of box-shaped artifacts present,0.0,0.0,0.0,3,0,0,3
evidence of cecal anatomy and features consistent with ulcerative colitis,0.0,0.0,0.0,1,0,0,1
evidence of cecal structure and signs consistent with ulcerative colitis,0.0,0.0,0.0,1,0,0,1
evidence of chronic inflammatory changes consistent with ulcerative colitis noted during colonoscopy.,0.0,0.0,0.0,1,0,0,1
evidence of colonic polyp,0.2948,0.9737,0.4526,76,74,177,2
evidence of colonoscopic evaluation with a paris classification lesion identified.,0.0,0.0,0.0,1,0,0,1
evidence of colonoscopic examination,0.0,0.0,0.0,75,0,0,75
evidence of colonoscopic examination with a sessile serrated polyp detected,0.0,0.0,0.0,1,0,0,1
evidence of colonoscopic examination with presence of a paris classification lesion,0.0,0.0,0.0,1,0,0,1
evidence of colonoscopic examination with presence of a paris-type polyp,0.0,0.0,0.0,1,0,0,1
evidence of colonoscopic procedure with visible text,0.0,0.0,0.0,1,0,0,1
evidence of colonoscopic visualization,0.0,0.0,0.0,3,0,0,3
evidence of colonoscopy examination,0.0,0.0,0.0,12,0,0,12
evidence of colonoscopy findings with a hyperplastic polyp noted,0.0,0.0,0.0,1,0,0,1
evidence of colonoscopy findings with a paris iia polyp observed,0.0,0.0,0.0,1,0,0,1
evidence of colonoscopy findings with no box artifacts observed,0.0,0.0,0.0,1,0,0,1
evidence of colonoscopy findings with no detectable polyps,0.0,0.0,0.0,1,0,0,1
evidence of colonoscopy findings with presence of artifact in green and black areas,0.0,0.0,0.0,1,0,0,1
evidence of colonoscopy procedure,0.0953,1.0,0.174,200,200,1899,0
evidence of colonoscopy with green/black box artefacts and signs of ulcerative colitis,0.0,0.0,0.0,1,0,0,1
evidence of colonoscopy with no visible polyps,0.0,0.0,0.0,1,0,0,1
evidence of colonoscopy with no visible polyps noted,0.0,0.0,0.0,1,0,0,1
evidence of dark-colored artifacts,0.0,0.0,0.0,1,0,0,1
evidence of endoscopic examination,0.0,0.0,0.0,4,0,0,4
evidence of esophageal inflammation,0.0,0.0,0.0,59,0,0,59
evidence of esophageal inflammation and a paris iia type polyp,0.0,0.0,0.0,1,0,0,1
evidence of esophageal inflammation and polypoid lesion,0.0,0.0,0.0,1,0,0,1
evidence of esophageal inflammation and visible polyp,0.0,0.0,0.0,1,0,0,1
"evidence of esophageal inflammation is noted, and no residual polyps are seen.",0.0,0.0,0.0,1,0,0,1
"evidence of esophageal inflammation is noted, consistent with gastroscopy findings.",0.0,0.0,0.0,1,0,0,1
"evidence of esophageal inflammation is present, and polyp removal is not indicated.",0.0,0.0,0.0,1,0,0,1
"evidence of esophageal inflammation is present, and text is visible.",0.0,0.0,0.0,1,0,0,1
"evidence of esophageal inflammation is present, consistent with gastroscopy findings.",0.0,0.0,0.0,1,0,0,1
evidence of esophageal inflammation is present. no polyps are seen.,0.0,0.0,0.0,1,0,0,1
evidence of esophageal inflammation is present. no text is visible.,0.0,0.0,0.0,1,0,0,1
evidence of esophageal inflammation is present. polyp removal status is not applicable.,0.0,0.0,0.0,1,0,0,1
evidence of esophageal inflammation is present. text is visible.,0.0,0.0,0.0,2,0,0,2
evidence of esophageal inflammation noted without any visible polyps.,0.0,0.0,0.0,1,0,0,1
evidence of esophageal inflammation noted. no text present in the imaging.,0.0,0.0,0.0,1,0,0,1
evidence of esophageal inflammation noted. polyp removal status not applicable.,0.0,0.0,0.0,1,0,0,1
evidence of esophageal inflammation observed during gastroscopy,0.0,0.0,0.0,2,0,0,2
evidence of esophageal inflammation observed during gastroscopy.,0.0,0.0,0.0,4,0,0,4
evidence of esophageal inflammation observed during upper endoscopy,0.0,0.0,0.0,1,0,0,1
evidence of esophageal inflammation without polyp formation,0.0,0.0,0.0,1,0,0,1
evidence of esophageal inflammation without visible polyps,0.0,0.0,0.0,1,0,0,1
evidence of gastroscopic examination,0.0,0.0,0.0,6,0,0,6
evidence of gastroscopic examination without polypoid lesions,0.0,0.0,0.0,1,0,0,1
evidence of gastroscopic examination without visible polyps,0.0,0.0,0.0,1,0,0,1
evidence of gastroscopic visualization,0.0,0.0,0.0,4,0,0,4
evidence of gastroscopy performed,0.0,0.0,0.0,1,0,0,1
evidence of gastroscopy performed with no polyps identified,0.0,0.0,0.0,1,0,0,1
evidence of gastroscopy performed with no visible polyps,0.0,0.0,0.0,1,0,0,1
evidence of gastroscopy performed with no visible polyps detected,0.0,0.0,0.0,1,0,0,1
evidence of gastroscopy performed with visible text,0.0,0.0,0.0,1,0,0,1
evidence of gastroscopy performed with visible text on the image,0.0,0.0,0.0,1,0,0,1
evidence of gastroscopy performed without any green or black box artefacts detected.,0.0,0.0,0.0,1,0,0,1
evidence of gastroscopy performed without any visible text,0.0,0.0,0.0,1,0,0,1
evidence of gastroscopy procedure,0.0,0.0,0.0,5,0,0,5
evidence of gastroscopy procedure with visible text,0.0,0.0,0.0,1,0,0,1
evidence of gastroscopy with no polypoid lesions identified.,0.0,0.0,0.0,1,0,0,1
evidence of gastroscopy with presence of z-line,0.0,0.0,0.0,1,0,0,1
evidence of gastroscopy with z-line visible,0.0,0.0,0.0,1,0,0,1
evidence of green and black artifacts,0.0,0.0,0.0,3,0,0,3
evidence of green and black box artefact detected with an 11 to 20 millimeter polyp observed,0.0,0.0,0.0,1,0,0,1
evidence of green and black box artefacts detected during colonoscopy.,0.0,0.0,0.0,1,0,0,1
evidence of green and black box artifacts,0.5,0.0556,0.1,54,3,3,51
evidence of green and black box artifacts along with visible text is noted.,0.0,0.0,0.0,4,0,0,4
evidence of green and black box artifacts along with visible text is present.,0.0,0.0,0.0,3,0,0,3
evidence of green and black box artifacts and presence of a paris polyp,0.0,0.0,0.0,1,0,0,1
evidence of green and black box artifacts with visible text is present.,0.0,0.0,0.0,1,0,0,1
evidence of green and black box artifacts with visible text noted,0.0,0.0,0.0,2,0,0,2
evidence of green and black imaging artifacts,0.0,0.0,0.0,1,0,0,1
evidence of green-black box artefact and paris iia polyp observed,0.0,0.0,0.0,1,0,0,1
evidence of green/black box artefact and paris type i polyp seen,0.0,0.0,0.0,1,0,0,1
evidence of green/black box artefact and presence of paris ip polyp,0.0,0.0,0.0,1,0,0,1
evidence of green/black box artefact and presence of paris ip type polyp,0.0,0.0,0.0,1,0,0,1
evidence of green/black box artefact detected during colonoscopy.,0.0,0.0,0.0,1,0,0,1
evidence of green/black box artefact noted and polyp measuring 11 to 20 millimeters in size,0.0,0.0,0.0,1,0,0,1
evidence of hyperplastic polyp,0.0,0.0,0.0,6,0,0,6
evidence of hyperplastic polyps,0.0,0.0,0.0,1,0,0,1
evidence of incompletely removed polyp measuring 11 to 20 millimeters,0.0,0.0,0.0,1,0,0,1
evidence of inflammatory bowel disease,0.0,0.0,0.0,25,0,0,25
evidence of inflammatory bowel disease and findings from a colonoscopy,0.0,0.0,0.0,1,0,0,1
evidence of inflammatory bowel disease and no residual polyps identified,0.0,0.0,0.0,1,0,0,1
evidence of inflammatory bowel disease and no residual polyps noted,0.0,0.0,0.0,1,0,0,1
evidence of inflammatory bowel disease and presence of imaging artefact,0.0,0.0,0.0,1,0,0,1
evidence of inflammatory bowel disease detected. polyp removal status not applicable.,0.0,0.0,0.0,1,0,0,1
evidence of inflammatory bowel disease is present. text is visible.,0.0,0.0,0.0,2,0,0,2
evidence of inflammatory bowel disease noted during colonoscopy,0.0,0.0,0.0,1,0,0,1
evidence of inflammatory bowel disease noted. no polyps identified.,0.0,0.0,0.0,1,0,0,1
evidence of inflammatory bowel disease noted. no text identified.,0.0,0.0,0.0,1,0,0,1
evidence of inflammatory bowel disease noted. text is present.,0.0,0.0,0.0,1,0,0,1
evidence of inflammatory bowel disease noted. text is visible.,0.0,0.0,0.0,1,0,0,1
evidence of inflammatory bowel disease observed during colonoscopic examination,0.0,0.0,0.0,1,0,0,1
evidence of inflammatory bowel disease observed during colonoscopic examination.,0.0,0.0,0.0,1,0,0,1
"evidence of inflammatory bowel disease observed, no polyps detected",0.0,0.0,0.0,1,0,0,1
evidence of inflammatory changes consistent with ulcerative colitis,0.0,0.0,0.0,5,0,0,5
evidence of inflammatory changes consistent with ulcerative colitis and presence of a green/black box artefact.,0.0,0.0,0.0,1,0,0,1
evidence of inflammatory changes consistent with ulcerative colitis and presence of text noted.,0.0,0.0,0.0,1,0,0,1
evidence of inflammatory changes consistent with ulcerative colitis found during colonoscopy,0.0,0.0,0.0,1,0,0,1
evidence of inflammatory changes consistent with ulcerative colitis noted. polyp removal status is not applicable.,0.0,0.0,0.0,1,0,0,1
evidence of inflammatory changes consistent with ulcerative colitis observed during colonoscopy.,0.0,0.0,0.0,1,0,0,1
evidence of inflammatory changes consistent with ulcerative colitis seen during colonoscopy.,0.0,0.0,0.0,1,0,0,1
evidence of inflammatory changes consistent with ulcerative colitis was observed during the colonoscopy.,0.0,0.0,0.0,1,0,0,1
evidence of inflammatory changes in the colon,0.0,0.0,0.0,7,0,0,7
evidence of inflammatory changes in the esophagus observed during gastroscopy.,0.0,0.0,0.0,1,0,0,1
evidence of inflammatory changes in the esophagus. polyp removal status not applicable.,0.0,0.0,0.0,1,0,0,1
evidence of large pedunculated polyp,0.0,0.0,0.0,1,0,0,1
evidence of mucosal inflammation with pink and white lesions,0.0,0.0,0.0,1,0,0,1
evidence of multiple paris ip polyps,0.0,0.0,0.0,1,0,0,1
evidence of multiple polyps consistent with paris classification,0.0,0.0,0.0,1,0,0,1
evidence of oesophageal inflammation,0.0,0.0,0.0,31,0,0,31
evidence of oesophageal inflammation with no detectable polyp present,0.0,0.0,0.0,1,0,0,1
evidence of oesophagitis and a visible polyp,0.0,0.0,0.0,1,0,0,1
evidence of oesophagitis and short-segment barrett's esophagus,0.0,0.0,0.0,1,0,0,1
evidence of oesophagitis is observed during gastroscopy.,0.0,0.0,0.0,1,0,0,1
evidence of oesophagitis is present without artefacts.,0.0,0.0,0.0,1,0,0,1
"evidence of oesophagitis is present, and polyp removal is not indicated",0.0,0.0,0.0,1,0,0,1
evidence of oesophagitis observed during gastroscopy.,0.0,0.0,0.0,1,0,0,1
evidence of parietal polyp,0.0,0.0,0.0,1,0,0,1
evidence of parietal polyp formation,0.0,0.0,0.0,2,0,0,2
evidence of parietal polypoid lesion,0.0,0.0,0.0,1,0,0,1
evidence of parietal polyps,0.0,0.0,0.0,5,0,0,5
evidence of paris iia classification,0.0,0.0,0.0,3,0,0,3
evidence of paris iia polyp,0.0,0.0,0.0,1,0,0,1
evidence of paris iia type polyp,0.0,0.0,0.0,1,0,0,1
evidence of paris ip polyps observed,0.0,0.0,0.0,1,0,0,1
evidence of paris polyp,0.0,0.0,0.0,2,0,0,2
evidence of paris polyp morphology,0.0,0.0,0.0,1,0,0,1
evidence of paris polypoid lesion,0.0,0.0,0.0,2,0,0,2
evidence of paris type iia polyp,0.0,0.0,0.0,1,0,0,1
evidence of paris type iia polyps observed,0.0,0.0,0.0,1,0,0,1
evidence of paris type polyp,0.0,0.0,0.0,1,0,0,1
evidence of paris-type polyp,0.0,0.0,0.0,18,0,0,18
evidence of paris-type polypoid lesion,0.0,0.0,0.0,4,0,0,4
evidence of paris-type polyps,0.0,0.0,0.0,1,0,0,1
evidence of paris-type polyps noted,0.0,0.0,0.0,1,0,0,1
evidence of pedunculated polyp,0.0,0.0,0.0,10,0,0,10
evidence of polyp snare and tubular device,0.0,0.0,0.0,1,0,0,1
evidence of polypoid lesion,0.0,0.0,0.0,14,0,0,14
evidence of remaining polyps,0.0,0.0,0.0,2,0,0,2
evidence of residual polyp present,0.0,0.0,0.0,1,0,0,1
evidence of residual polyp tissue,0.0,0.0,0.0,1,0,0,1
evidence of residual polypoid lesion detected.,0.0,0.0,0.0,1,0,0,1
evidence of residual polypoid lesion noted,0.0,0.0,0.0,1,0,0,1
evidence of residual polypoid lesion observed,0.0,0.0,0.0,1,0,0,1
evidence of residual polypoid lesion present in the bowel,0.0,0.0,0.0,1,0,0,1
evidence of residual polypoid lesion remains in the colon.,0.0,0.0,0.0,1,0,0,1
evidence of residual polyps,0.0,0.0,0.0,5,0,0,5
evidence of residual polyps observed in the gastrointestinal tract,0.0,0.0,0.0,1,0,0,1
evidence of residual polyps present,0.0,0.0,0.0,1,0,0,1
evidence of sessile serrated polyp,0.0,0.0,0.0,6,0,0,6
evidence of text is present. a paris-type polyp is identified.,0.0,0.0,0.0,1,0,0,1
evidence of text presence and a paris-type polyp identified,0.0,0.0,0.0,1,0,0,1
evidence of tubular adenomatous polyps,0.0,0.0,0.0,1,0,0,1
evidence of ulcerative colitis,0.4,0.2553,0.3117,47,12,18,35
evidence of ulcerative colitis found during colonoscopy,0.0,0.0,0.0,1,0,0,1
evidence of ulcerative colitis involvement,0.0,0.0,0.0,28,0,0,28
evidence of ulcerative colitis is present; polyp removal is not applicable,0.0,0.0,0.0,1,0,0,1
evidence of ulcerative colitis noted during colonoscopy,0.0,0.0,0.0,1,0,0,1
evidence of upper endoscopy,0.0,0.0,0.0,1,0,0,1
evidence of upper gastrointestinal endoscopy,0.0,0.0,0.0,33,0,0,33
evidence of villous adenoma,0.0,0.0,0.0,1,0,0,1
evidence of z-line and one additional abnormal finding,0.0,0.0,0.0,1,0,0,1
evidence of z-line identification observed.,0.0,0.0,0.0,1,0,0,1
evidence of z-line is noted. no polyps are present for removal.,0.0,0.0,0.0,1,0,0,1
evidence of z-line is visible with findings consistent with oesophagitis.,0.0,0.0,0.0,1,0,0,1
findings are consistent with a colonoscopic procedure showing a sessile polyp.,0.0,0.0,0.0,1,0,0,1
findings are consistent with a colonoscopy showing red and flesh-colored lesions,0.0,0.0,0.0,1,0,0,1
findings are from a colonoscopy showing a paris type iia polyp.,0.0,0.0,0.0,1,0,0,1
findings are from a colonoscopy showing a polyp measuring 5 to 10 millimeters in size.,0.0,0.0,0.0,1,0,0,1
findings consistent with a colonoscopy showing a small polyp less than 5 millimeters in size,0.0,0.0,0.0,2,0,0,2
findings consistent with inflammatory bowel disease. no evidence of residual polyps.,0.0,0.0,0.0,1,0,0,1
findings consistent with ulcerative colitis observed during colonoscopy,0.0,0.0,0.0,1,0,0,1
findings from colonoscopy show a paris polyp,0.0,0.0,0.0,1,0,0,1
findings from colonoscopy show a polyp measuring 5 to 10 millimeters in size.,0.0,0.0,0.0,1,0,0,1
findings include a mucosal polyp and presence of text.,0.0,0.0,0.0,1,0,0,1
findings include a sessile polyp with characteristics consistent with paris iia classification.,0.0,0.0,0.0,1,0,0,1
findings include a small polypoid lesion and presence of artefact.,0.0,0.0,0.0,1,0,0,1
findings suggest evidence of esophageal inflammation from gastroscopic examination.,0.0,0.0,0.0,1,0,0,1
findings suggest evidence of inflammatory bowel disease. no text is visible.,0.0,0.0,0.0,1,0,0,1
findings suggest gastroscopy with evidence of barrett's esophagus and esophagitis.,0.0,0.0,0.0,1,0,0,1
"findings suggest inflammatory changes consistent with ulcerative colitis, and the image is from a colonoscopy procedure.",0.0,0.0,0.0,1,0,0,1
findings suggest presence of a colonic polyp observed during colonoscopy.,0.0,0.0,0.0,1,0,0,1
"findings suggest presence of colonic polyp, image obtained via colonoscopy",0.0,0.0,0.0,1,0,0,1
gastroscopic evaluation completed,0.0,0.0,0.0,1,0,0,1
gastroscopic evaluation of the stomach,0.0,0.0,0.0,2,0,0,2
gastroscopic evaluation of the upper gastrointestinal tract,0.0,0.0,0.0,3,0,0,3
gastroscopic examination of the stomach,0.0,0.0,0.0,13,0,0,13
gastroscopic examination performed,0.0,0.0,0.0,3,0,0,3
gastroscopic view shows the z-line present.,0.0,0.0,0.0,1,0,0,1
gastroscopic visualization of the gastric lumen,0.0,0.0,0.0,1,0,0,1
gastroscopic visualization of the stomach,0.0,0.0,0.0,4,0,0,4
gastroscopy image with no visible text present.,0.0,0.0,0.0,1,0,0,1
gastroscopy performed for diagnostic evaluation,0.0,0.0,0.0,2,0,0,2
gastroscopy performed in the stomach,0.0,0.0,0.0,1,0,0,1
gastroscopy performed to assess gastric lining,0.0,0.0,0.0,1,0,0,1
gastroscopy performed with endoscope,0.0,0.0,0.0,1,0,0,1
gastroscopy performed with no visible polyps detected,0.0,0.0,0.0,2,0,0,2
gastroscopy performed with presence of a green/black box artifact,0.0,0.0,0.0,1,0,0,1
gastroscopy performed with visible text in the field of view,0.0,0.0,0.0,1,0,0,1
gastroscopy reveals evidence of oesophagitis without identifiable anatomical landmarks.,0.0,0.0,0.0,1,0,0,1
gastroscopy reveals no polyps and shows the z-line anatomical landmark.,0.0,0.0,0.0,1,0,0,1
gastroscopy reveals the z-line anatomy.,0.0,0.0,0.0,1,0,0,1
gastroscopy reveals the z-line at the gastroesophageal junction.,0.0,0.0,0.0,1,0,0,1
gastroscopy reveals the z-line location.,0.0,0.0,0.0,1,0,0,1
gastroscopy shows no evidence of polyp removal.,0.0,0.0,0.0,1,0,0,1
gastroscopy was performed with no polyps identified and no text observed.,0.0,0.0,0.0,1,0,0,1
gastroscopy was performed with no polyps identified and text is visible.,0.0,0.0,0.0,1,0,0,1
gastroscopy was performed with no residual polyps identified and no instruments visible in the image.,0.0,0.0,0.0,1,0,0,1
gastroscopy was performed with no text visible and no polyp identified.,0.0,0.0,0.0,1,0,0,1
gastroscopy was performed with no visible instruments and no green or black box artefacts observed.,0.0,0.0,0.0,1,0,0,1
gastroscopy was performed with z-line identification and no polyps observed.,0.0,0.0,0.0,1,0,0,1
"gastroscopy was performed, and no polyps are visualized.",0.0,0.0,0.0,1,0,0,1
"gastroscopy was performed, no polyps were noted, and no instruments are visible in the image.",0.0,0.0,0.0,1,0,0,1
hyperplastic polyp noted in the rectosigmoid region,0.0,0.0,0.0,1,0,0,1
image acquired during colonoscopy without textual overlay,0.0,0.0,0.0,1,0,0,1
image from a colonoscopy showing a sessile polyp in the proximal colon,0.0,0.0,0.0,1,0,0,1
image from a colonoscopy showing no evidence of polyp removal,0.0,0.0,0.0,1,0,0,1
image from a colonoscopy with evidence of green and black box artifacts,0.0,0.0,0.0,1,0,0,1
image from a colonoscopy with residual polyps present,0.0,0.0,0.0,1,0,0,1
image from a gastroscopy showing the z-line without evidence of polyps.,0.0,0.0,0.0,1,0,0,1
image is from a colonoscopy with no evidence of polyp excision,0.0,0.0,0.0,1,0,0,1
image is from a colonoscopy with no instruments present,0.0,0.0,0.0,1,0,0,1
image is from a colonoscopy with no visible anatomical landmarks or instruments.,0.0,0.0,0.0,1,0,0,1
image is from a colonoscopy with no visible polyps remaining,0.0,0.0,0.0,1,0,0,1
image is from a gastroscopy procedure with no visible instruments,0.0,0.0,0.0,1,0,0,1
image obtained during a colonoscopy shows a visible tube with no green or black box artefacts present.,0.0,0.0,0.0,1,0,0,1
image obtained during colonoscopy with a tubular device in view,0.0,0.0,0.0,1,0,0,1
image obtained during colonoscopy with no notable anatomical landmarks visible,0.0,0.0,0.0,1,0,0,1
image obtained during colonoscopy with no visible polyps remaining,0.0,0.0,0.0,1,0,0,1
image obtained during colonoscopy with visible green and black box artifacts,0.0,0.0,0.0,1,0,0,1
image obtained during colonoscopy without evidence of green or black box artifacts,0.0,0.0,0.0,1,0,0,1
image obtained during gastroscopy with no text present,0.0,0.0,0.0,1,0,0,1
image shows a colonoscopy with no green or black box artifacts and a tube present in the field.,0.0,0.0,0.0,1,0,0,1
image shows a gastroscopy with no visible instruments,0.0,0.0,0.0,1,0,0,1
image shows findings from a gastroscopy with no identifiable polyps present.,0.0,0.0,0.0,1,0,0,1
incomplete polyp removal detected with largest measuring over 20 millimeters,0.0,0.0,0.0,1,0,0,1
incomplete polyp removal noted,0.0,0.0,0.0,1,0,0,1
incomplete polyp removal noted with presence of parietal type ii lesion,0.0,0.0,0.0,1,0,0,1
incomplete polyp removal noted with residual lesion less than 5 millimeters,0.0,0.0,0.0,1,0,0,1
"incomplete polyp removal noted, with evidence of esophagitis",0.0,0.0,0.0,1,0,0,1
incomplete polyp removal observed with residual lesion measuring 5 to 10 millimeters,0.0,0.0,0.0,1,0,0,1
incomplete polyp removal with residual sessile polyp identified,0.0,0.0,0.0,1,0,0,1
incomplete removal of polyp observed,0.0,0.0,0.0,1,0,0,1
"incomplete removal of polyps noted, with largest measuring 11 to 20 millimeters.",0.0,0.0,0.0,1,0,0,1
incomplete removal of polyps observed. pathology indicates a sessile serrated polyp.,0.0,0.0,0.0,1,0,0,1
large polyp measuring greater than 20 millimeters with paris morphology,0.0,0.0,0.0,1,0,0,1
large sessile polyp measuring greater than 20 millimeters is observed.,0.0,0.0,0.0,1,0,0,1
metal clip and tube located in the abdomen,0.0,0.0,0.0,1,0,0,1
metal clip and tube noted,0.0,0.0,0.0,1,0,0,1
metal clip present in the field,0.0,0.0,0.0,1,0,0,1
mucosal inflammation is observed in the esophagus. no artefact is present.,0.0,0.0,0.0,1,0,0,1
mucosal inflammation is observed with no visible instruments and two distinct findings present.,0.0,0.0,0.0,1,0,0,1
mucosal inflammation is present in the esophagus. no artefacts are observed.,0.0,0.0,0.0,1,0,0,1
mucosal inflammation is present in the esophagus. no box artefact is observed.,0.0,0.0,0.0,1,0,0,1
mucosal inflammation is present in the esophagus. text is visible.,0.0,0.0,0.0,1,0,0,1
mucosal inflammation noted without evidence of residual polyps,0.0,0.0,0.0,1,0,0,1
mucosal lesion consistent with paris iia classification,0.0,0.0,0.0,1,0,0,1
multiple polypoid lesions observed in the colon.,0.0,0.0,0.0,1,0,0,1
multiple polyps are observed with features consistent with paris is type.,0.0,0.0,0.0,1,0,0,1
"multiple polyps are observed with text noted, and a paris ip classification is identified.",0.0,0.0,0.0,1,0,0,1
"multiple polyps are observed, with the largest measuring between 5 to 10 millimeters in size.",0.0,0.0,0.0,1,0,0,1
multiple polyps are present along with a green/black box artefact.,0.0,0.0,0.0,1,0,0,1
multiple polyps are present in the gastrointestinal tract.,0.0,0.0,0.0,1,0,0,1
multiple polyps are present with a size range of 11 to 20 millimeters and text is visible in the image.,0.0,0.0,0.0,1,0,0,1
multiple polyps are present with evidence of mucosal abnormalities and text noted.,0.0,0.0,0.0,1,0,0,1
"multiple polyps are present, the image is from a colonoscopy, and a paris iia polyp is identified.",0.0,0.0,0.0,1,0,0,1
"multiple polyps are present, with a paris-type lesion identified, and text is visible.",0.0,0.0,0.0,1,0,0,1
multiple polyps detected with sizes ranging between 11 to 20 millimeters.,0.0,0.0,0.0,1,0,0,1
multiple polyps measuring 5 to 20 millimeters,0.0,0.0,0.0,1,0,0,1
multiple polyps observed in the colon,0.0,0.0,0.0,1,0,0,1
"multiple polyps of varying sizes are observed, including 11 to 20 millimeters and greater than 20 millimeters in diameter.",0.0,0.0,0.0,1,0,0,1
"no abnormal findings observed, no artefacts noted.",0.0,0.0,0.0,1,0,0,1
no abnormal findings observed. no green or black box artefact present.,0.0,0.0,0.0,1,0,0,1
no abnormal polyp detected,0.0,0.0,0.0,1,0,0,1
no abnormal polypoid lesions identified,0.0,0.0,0.0,1,0,0,1
"no anatomical landmarks identified, consistent with normal appearance.",0.0,0.0,0.0,1,0,0,1
no anatomical landmarks identified; evidence of ulcerative colitis present.,0.0,0.0,0.0,1,0,0,1
no anatomical landmarks or instruments are visible in the colonoscopy image.,0.0,0.0,0.0,1,0,0,1
"no artefacts detected, no evidence of polypoid lesions",0.0,0.0,0.0,1,0,0,1
"no artifacts are present, and a paris ip polyp is observed.",0.0,0.0,0.0,1,0,0,1
"no artifactual abnormalities detected, but a paris type iia polyp is present.",0.0,0.0,0.0,1,0,0,1
no evidence of abnormal findings or green/black box artefacts observed.,0.0,0.0,0.0,1,0,0,1
no evidence of abnormalities noted. no green/black box artefact observed.,0.0,0.0,0.0,1,0,0,1
no evidence of box artifacts or text noted.,0.0,0.0,0.0,1,0,0,1
no evidence of box-like artifacts,0.0,0.0,0.0,15,0,0,15
no evidence of box-like artifacts detected,0.0,0.0,0.0,6,0,0,6
no evidence of box-like artifacts observed,0.0,0.0,0.0,25,0,0,25
no evidence of box-shaped artifacts,0.0,0.0,0.0,23,0,0,23
no evidence of box-shaped artifacts observed,0.0,0.0,0.0,1,0,0,1
no evidence of complete polyp removal and presence of sessile polyp,0.0,0.0,0.0,1,0,0,1
no evidence of complete polyp removal; hyperplastic polyp noted,0.0,0.0,0.0,1,0,0,1
"no evidence of green or black box artefact noted, and the polyp measures 5 to 10 millimeters in size.",0.0,0.0,0.0,2,0,0,2
"no evidence of green or black box artefact noted, image obtained via colonoscopy",0.0,0.0,0.0,1,0,0,1
no evidence of green or black box artefact observed and polyp measuring 5 to 10 millimeters in size,0.0,0.0,0.0,1,0,0,1
"no evidence of green or black box artefact observed, and the polyp measures 5 to 10 millimeters.",0.0,0.0,0.0,1,0,0,1
"no evidence of green or black box artefact observed, image obtained during colonoscopy",0.0,0.0,0.0,1,0,0,1
no evidence of green or black box artifact and no polyp identified,0.0,0.0,0.0,1,0,0,1
"no evidence of green or black box artifact noted, and a paris iia polyp is present.",0.0,0.0,0.0,1,0,0,1
no evidence of green or black box artifacts,0.0,0.0,0.0,5,0,0,5
no evidence of green or black box artifacts observed,0.0,0.0,0.0,1,0,0,1
no evidence of oesophagitis and no green/black box artefact observed,0.0,0.0,0.0,1,0,0,1
no evidence of polyp removal detected. no identifiable anatomical landmarks visible.,0.0,0.0,0.0,1,0,0,1
no evidence of polypoid lesions,0.0,0.0,0.0,16,0,0,16
"no evidence of polypoid lesions detected, and no signs of inflammatory bowel disease observed.",0.0,0.0,0.0,1,0,0,1
"no evidence of polypoid lesions detected, and no signs of ulcerative colitis observed.",0.0,0.0,0.0,1,0,0,1
no evidence of polypoid lesions detected.,0.0,0.0,0.0,1,0,0,1
no evidence of polypoid lesions found in the gastrointestinal tract.,0.0,0.0,0.0,1,0,0,1
no evidence of polypoid lesions identified.,0.0,0.0,0.0,1,0,0,1
no evidence of polypoid lesions noted.,0.0,0.0,0.0,1,0,0,1
no evidence of polypoid lesions observed.,0.0,0.0,0.0,3,0,0,3
"no evidence of polyps identified, no signs of ulcerative colitis observed",0.0,0.0,0.0,1,0,0,1
no evidence of remaining polyps and no box artifacts observed,0.0,0.0,0.0,1,0,0,1
no evidence of remaining polyps and no green or black box artifacts identified,0.0,0.0,0.0,1,0,0,1
no evidence of residual polyps,0.0,0.0,0.0,1,0,0,1
no evidence of residual polyps and text is present,0.0,0.0,0.0,1,0,0,1
no evidence of ulcerative colitis or artefacts observed.,0.0,0.0,0.0,1,0,0,1
no evidence of ulcerative colitis or detectable polyps observed.,0.0,0.0,0.0,1,0,0,1
no evidence of ulcerative colitis or green/black box artefact detected.,0.0,0.0,0.0,1,0,0,1
no evidence of ulcerative colitis or green/black box artefact observed,0.0,0.0,0.0,1,0,0,1
no evidence of ulcerative colitis or polypoid lesions detected.,0.0,0.0,0.0,1,0,0,1
no foreign bodies identified and polyp removal status is not applicable,0.0,0.0,0.0,1,0,0,1
"no foreign bodies identified, incomplete polyp excision noted",0.0,0.0,0.0,1,0,0,1
"no foreign bodies identified, text visible in the image",0.0,0.0,0.0,1,0,0,1
"no foreign instruments identified, text is visible",0.0,0.0,0.0,1,0,0,1
"no green or black box artefact identified, and a paris iia polyp is noted.",0.0,0.0,0.0,1,0,0,1
"no green or black box artefact noted, and polyp measures 5 to 10 millimeters",0.0,0.0,0.0,1,0,0,1
"no green or black box artefact observed, and the polyp measures 11 to 20 millimeters.",0.0,0.0,0.0,1,0,0,1
"no green or black box artefacts are present, but a large polyp measuring greater than 20 millimeters is observed.",0.0,0.0,0.0,1,0,0,1
no green or black box artifacts are observed in the image,0.0,0.0,0.0,1,0,0,1
no green or black box artifacts are present in the image.,0.0,0.0,0.0,1,0,0,1
no green or black box artifacts are visible in the image.,0.0,0.0,0.0,1,0,0,1
no green or black box-like artefacts are present.,0.0,0.0,0.0,1,0,0,1
no green/black box artefact observed and a paris iia polyp identified,0.0,0.0,0.0,1,0,0,1
no identifiable anatomical landmarks observed. polyp removal is not applicable.,0.0,0.0,0.0,1,0,0,1
no instrument is visualized within the gastric lumen.,0.0,0.0,0.0,1,0,0,1
no instrumentation observed during the procedure,0.0,0.0,0.0,1,0,0,1
no instruments are present in the image,0.0,0.0,0.0,1,0,0,1
no instruments are visible and no green or black box artefact is present.,0.0,0.0,0.0,1,0,0,1
no instruments are visible and no polyp is identified in the colonoscopy image.,0.0,0.0,0.0,1,0,0,1
no instruments are visible and no specific anatomical landmarks are identified in the image.,0.0,0.0,0.0,1,0,0,1
no instruments are visible and polyp removal is not applicable.,0.0,0.0,0.0,1,0,0,1
no instruments are visible in the colonoscopy image.,0.0,0.0,0.0,1,0,0,1
no instruments are visible in the image.,0.0,0.0,0.0,3,0,0,3
"no instruments are visible, and text is present.",0.0,0.0,0.0,1,0,0,1
no instruments are visualized within the gastrointestinal tract.,0.0,0.0,0.0,1,0,0,1
no instruments identified,0.0,0.0,0.0,3,0,0,3
"no instruments observed, and polyp removal is not applicable",0.0,0.0,0.0,1,0,0,1
no instruments or anatomical landmarks are visible in the image.,0.0,0.0,0.0,1,0,0,1
no mucosal abnormalities detected; text is present in the image.,0.0,0.0,0.0,1,0,0,1
no polyp detected,0.0,0.0,0.0,7,0,0,7
no polyp detected with no evidence of esophageal inflammation,0.0,0.0,0.0,1,0,0,1
no polyp detected with no evidence of ulcerative colitis,0.0,0.0,0.0,1,0,0,1
"no polyp detected, no evidence of ulcerative colitis",0.0,0.0,0.0,1,0,0,1
no polyp identified,0.0,0.0,0.0,7,0,0,7
no polyp identified during colonoscopy,0.0,0.0,0.0,1,0,0,1
no polyp identified with no evidence of inflammatory bowel disease,0.0,0.0,0.0,1,0,0,1
"no polyp identified, no evidence of esophageal inflammation.",0.0,0.0,0.0,1,0,0,1
"no polyp identified, no evidence of ulcerative colitis",0.0,0.0,0.0,1,0,0,1
no polyp is identified with no evidence of esophageal inflammation.,0.0,0.0,0.0,1,0,0,1
no polyp is present with evidence of mucosal inflammation.,0.0,0.0,0.0,1,0,0,1
"no polyp is visualized, and evidence of esophageal inflammation is present.",0.0,0.0,0.0,1,0,0,1
no polyp noted,0.0,0.0,0.0,1,0,0,1
no polyp observed,0.0,0.0,0.0,1,0,0,1
"no polyp observed, no artefact present, and the image is from a colonoscopy.",0.0,0.0,0.0,1,0,0,1
no polyp was identified; no evidence of esophageal inflammation,0.0,0.0,0.0,1,0,0,1
no polypoid lesion detected,0.0,0.0,0.0,1,0,0,1
no polypoid lesions detected,0.0,0.0,0.0,5,0,0,5
no polypoid lesions identified,0.0,0.0,0.0,25,0,0,25
no polypoidal lesions identified,0.0,0.0,0.0,4,0,0,4
no polypous lesions identified,0.0,0.0,0.0,2,0,0,2
no polypous lesions observed,0.0,0.0,0.0,1,0,0,1
"no polyps are identified, no anatomical landmarks are visible, and the image is from a colonoscopy procedure.",0.0,0.0,0.0,1,0,0,1
no polyps are visualized during the colonoscopy,0.0,0.0,0.0,1,0,0,1
no polyps detected,0.0,0.0,0.0,1,0,0,1
no polyps detected during gastroscopy,0.0,0.0,0.0,1,0,0,1
no polyps identified,0.0,0.0,0.0,3,0,0,3
no polyps identified in the examination,0.0,0.0,0.0,1,0,0,1
"no polyps identified, no signs of ulcerative colitis",0.0,0.0,0.0,1,0,0,1
no polyps observed,0.0,0.0,0.0,1,0,0,1
no polyps observed during colonoscopic examination,0.0,0.0,0.0,2,0,0,2
no polyps observed during gastroscopy examination,0.0,0.0,0.0,1,0,0,1
no residual polyps detected and no green or black box artefact seen,0.0,0.0,0.0,1,0,0,1
no residual polyps identified,0.0,0.0,0.0,7,0,0,7
no residual polyps identified and no green or black box artifact observed,0.0,0.0,0.0,1,0,0,1
"no residual polyps identified, no green or black box artifacts observed",0.0,0.0,0.0,1,0,0,1
"no residual polyps identified, no text present",0.0,0.0,0.0,1,0,0,1
"no residual polyps noted, no text identified",0.0,0.0,0.0,1,0,0,1
no residual polyps observed,0.0,0.0,0.0,2,0,0,2
no significant anatomical landmarks identified. evidence of ulcerative colitis present.,0.0,0.0,0.0,1,0,0,1
no surgical instruments identified,0.0,0.0,0.0,1,0,0,1
no text detected,0.0,0.0,0.0,19,0,0,19
no text detected and no anatomical landmarks identified,0.0,0.0,0.0,2,0,0,2
no text detected and polyp removal not applicable,0.0,0.0,0.0,1,0,0,1
no text detected and presence of a polyp noted,0.0,0.0,0.0,1,0,0,1
no text detected in the image. image is from a gastroscopy procedure.,0.0,0.0,0.0,1,0,0,1
"no text detected, and polyp removal status not applicable",0.0,0.0,0.0,1,0,0,1
no text detected. evidence of oesophageal inflammation.,0.0,0.0,0.0,1,0,0,1
no text identified,0.0,0.0,0.0,10,0,0,10
no text identified and no polyp observed,0.0,0.0,0.0,2,0,0,2
no text identified and polyp removal status not documented,0.0,0.0,0.0,1,0,0,1
no text identified. evidence of esophageal inflammation.,0.0,0.0,0.0,1,0,0,1
no text is present and no anatomical landmarks are identifiable,0.0,0.0,0.0,1,0,0,1
no text is present and the polyp measures greater than 20 millimeters,0.0,0.0,0.0,1,0,0,1
no text is present in the image and the procedure was a colonoscopy.,0.0,0.0,0.0,1,0,0,1
no text is present in the image from a gastroscopy procedure.,0.0,0.0,0.0,1,0,0,1
no text is present in the image. the status of polyp removal is not clinically relevant.,0.0,0.0,0.0,1,0,0,1
no text is visible and a single tube is present,0.0,0.0,0.0,1,0,0,1
no text is visible and no anatomical landmarks are present.,0.0,0.0,0.0,1,0,0,1
no text is visible and no instruments are present in the image.,0.0,0.0,0.0,2,0,0,2
no text is visible and no polyp is detected,0.0,0.0,0.0,1,0,0,1
no text is visible and no polyps are identified,0.0,0.0,0.0,1,0,0,1
no text is visible and the image is from a gastroscopy procedure.,0.0,0.0,0.0,1,0,0,1
no text is visible in the image. gastroscopy was performed.,0.0,0.0,0.0,1,0,0,1
no text is visible in the imaging field and the image was obtained during a colonoscopy procedure.,0.0,0.0,0.0,1,0,0,1
"no text is visible, and a paris iia polyp is identified.",0.0,0.0,0.0,1,0,0,1
"no text is visible, and evidence of esophageal inflammation is present.",0.0,0.0,0.0,1,0,0,1
"no text is visible, and the image is from a gastroscopy procedure.",0.0,0.0,0.0,1,0,0,1
"no text is visible, and the image was obtained during a colonoscopy procedure.",0.0,0.0,0.0,1,0,0,1
"no text is visible, and the z-line is identified.",0.0,0.0,0.0,1,0,0,1
no text is visible. the image is from a gastroscopy procedure.,0.0,0.0,0.0,1,0,0,1
no text is visible. the image was obtained during a gastroscopy procedure.,0.0,0.0,0.0,1,0,0,1
no text is visible; evidence of esophageal inflammation is present.,0.0,0.0,0.0,1,0,0,1
no text is visible; the image is from a gastroscopy procedure.,0.0,0.0,0.0,1,0,0,1
no text observed,0.0,0.0,0.0,47,0,0,47
no text observed and no anatomical landmarks identified,0.0,0.0,0.0,1,0,0,1
no text observed and no instruments visualized,0.0,0.0,0.0,1,0,0,1
no text observed and no polyp detected,0.0,0.0,0.0,1,0,0,1
no text observed and no polyps identified,0.0,0.0,0.0,1,0,0,1
"no text observed in the image, procedure was colonoscopy",0.0,0.0,0.0,1,0,0,1
"no text observed, colonoscopy procedure confirmed",0.0,0.0,0.0,1,0,0,1
no text observed. no instruments visualized.,0.0,0.0,0.0,1,0,0,1
no text observed. polyp removal status not applicable.,0.0,0.0,0.0,1,0,0,1
no text or foreign bodies are visible in the image.,0.0,0.0,0.0,1,0,0,1
no text or foreign bodies identified,0.0,0.0,0.0,1,0,0,1
no text or foreign instruments identified.,0.0,0.0,0.0,1,0,0,1
no text or foreign instruments observed,0.0,0.0,0.0,1,0,0,1
no text present,0.0,0.0,0.0,1,0,0,1
no text visible,0.0,0.0,0.0,1,0,0,1
no textual content detected,0.0,0.0,0.0,1,0,0,1
no textual content observed,0.0,0.0,0.0,1,0,0,1
no textual information observed,0.0,0.0,0.0,2,0,0,2
no visible box-like artifacts detected,0.0,0.0,0.0,1,0,0,1
no visible box-like artifacts noted,0.0,0.0,0.0,1,0,0,1
no visible box-like artifacts observed,0.0,0.0,0.0,1,0,0,1
no visible box-shaped artifacts detected,0.0,0.0,0.0,1,0,0,1
no visible instruments and no evidence of residual polyps,0.0,0.0,0.0,1,0,0,1
no visible instruments and no text observed,0.0,0.0,0.0,1,0,0,1
no visible instruments noted and polyp removal status is not applicable,0.0,0.0,0.0,1,0,0,1
no visible instruments noted. polyp removal status is not applicable.,0.0,0.0,0.0,1,0,0,1
no visible polyp detected,0.0,0.0,0.0,1,0,0,1
no visible polyp identified,0.0,0.0,0.0,1,0,0,1
no visible polypoid lesions,0.0,0.0,0.0,1,0,0,1
no visible polypoidal lesions,0.0,0.0,0.0,1,0,0,1
no visible text detected,0.0,0.0,0.0,1,0,0,1
no visible text identified,0.0,0.0,0.0,2,0,0,2
no visible text noted,0.0,0.0,0.0,1,0,0,1
no visible text observed,0.0,0.0,0.0,3,0,0,3
no visible text present,0.0,0.0,0.0,2,0,0,2
no visible textual content,0.0,0.0,0.0,1,0,0,1
"not all polyps have been removed, with a paris iia type polyp identified.",0.0,0.0,0.0,1,0,0,1
"not all polyps have been removed, with at least one polyp measuring greater than 20 millimeters.",0.0,0.0,0.0,1,0,0,1
"not all polyps were removed, and imaging artifacts are present",0.0,0.0,0.0,1,0,0,1
one abnormal finding identified,0.0,0.0,0.0,1,0,0,1
one abnormal finding noted,0.0,0.0,0.0,3,0,0,3
one abnormal finding observed,0.0,0.0,0.0,1,0,0,1
one abnormal finding present,0.3333,0.3333,0.3333,6,2,4,4
one distinct abnormal finding,0.0,0.0,0.0,1,0,0,1
one distinct abnormal finding present,0.0,0.0,0.0,1,0,0,1
"one surgical instrument is visible, no polyps are noted",0.0,0.0,0.0,1,0,0,1
performed during colonoscopy,0.0,0.0,0.0,1,0,0,1
polyp consistent with paris iia classification,0.0,0.0,0.0,12,0,0,12
polyp consistent with paris type,0.0,0.0,0.0,1,0,0,1
polyp consistent with paris type iia,0.0,0.0,0.0,1,0,0,1
polyp consistent with pedunculated morphology,0.0,0.0,0.0,1,0,0,1
polyp detected in the gastrointestinal tract. no green or black box artefact observed.,0.0,0.0,0.0,1,0,0,1
polyp detected with a size ranging from 11 to 20 millimeters and text is present.,0.0,0.0,0.0,1,0,0,1
polyp greater than 20 millimeters,0.0,0.0,0.0,3,0,0,3
polyp greater than 20 millimeters in size,0.0,0.0,0.0,1,0,0,1
polyp greater than 20 millimeters in size with paris type morphology,0.0,0.0,0.0,1,0,0,1
polyp identified with characteristics consistent with paris iia classification observed during colonoscopy.,0.0,0.0,0.0,1,0,0,1
polyp identified with text noted in the image.,0.0,0.0,0.0,1,0,0,1
polyp larger than 20 millimeters,0.0,0.0,0.0,8,0,0,8
polyp larger than 20 millimeters with paris type morphology,0.0,0.0,0.0,2,0,0,2
polyp larger than twenty millimeters,0.0,0.0,0.0,1,0,0,1
polyp measures 11 to 20 millimeters,0.0,0.0,0.0,1,0,0,1
polyp measures 5 to 10 millimeters,0.0,0.0,0.0,4,0,0,4
polyp measures between 11 and 20 millimeters,0.0,0.0,0.0,4,0,0,4
polyp measures between 11 to 20 millimeters,0.0,0.0,0.0,3,0,0,3
polyp measures between 5 to 10 millimeters,0.0,0.0,0.0,2,0,0,2
polyp measures between 5 to 10 millimeters in diameter.,0.0,0.0,0.0,1,0,0,1
polyp measures greater than 20 millimeters,0.0,0.0,0.0,4,0,0,4
polyp measures less than 5 millimeters,0.0,0.0,0.0,9,0,0,9
polyp measures less than 5 millimeters and greater than 20 millimeters,0.0,0.0,0.0,1,0,0,1
polyp measures less than 5 millimeters in size,0.0,0.0,0.0,1,0,0,1
polyp measures less than 5 millimeters with a paris iia morphology,0.0,0.0,0.0,2,0,0,2
polyp measures less than 5 millimeters with a sessile morphology,0.0,0.0,0.0,1,0,0,1
polyp measuring 11 to 20 millimeters,0.0,0.0,0.0,25,0,0,25
polyp measuring 11 to 20 millimeters in size with paris type features,0.0,0.0,0.0,1,0,0,1
polyp measuring 11 to 20 millimeters in size with paris type morphology,0.0,0.0,0.0,1,0,0,1
polyp measuring 11 to 20 millimeters with a paris classification type,0.0,0.0,0.0,1,0,0,1
polyp measuring 11 to 20 millimeters with a paris ip morphology,0.0,0.0,0.0,1,0,0,1
polyp measuring 11 to 20 millimeters with a sessile morphology,0.0,0.0,0.0,1,0,0,1
polyp measuring 11 to 20 millimeters with paris iia morphology,0.0,0.0,0.0,1,0,0,1
polyp measuring 11 to 20 millimeters with paris type features,0.0,0.0,0.0,1,0,0,1
polyp measuring 5 to 10 millimeters,0.7778,0.3889,0.5185,18,7,2,11
polyp measuring 5 to 10 millimeters in size with paris type characteristics,0.0,0.0,0.0,1,0,0,1
polyp measuring 5 to 10 millimeters with a paris iia morphology,0.0,0.0,0.0,1,0,0,1
polyp measuring 5 to 10 millimeters with a paris type iia morphology,0.0,0.0,0.0,1,0,0,1
polyp measuring 5 to 10 millimeters with a sessile morphology,0.0,0.0,0.0,2,0,0,2
polyp measuring 5 to 10 millimeters with paris type morphology,0.0,0.0,0.0,1,0,0,1
polyp measuring between 11 and 20 millimeters,0.0,0.0,0.0,3,0,0,3
polyp measuring between 11 to 20 millimeters,0.0,0.0,0.0,8,0,0,8
polyp measuring between 5 to 10 millimeters,0.0,0.0,0.0,1,0,0,1
polyp measuring greater than 20 millimeters,0.0,0.0,0.0,6,0,0,6
polyp measuring greater than 20 millimeters with a paris iia morphology,0.0,0.0,0.0,1,0,0,1
polyp measuring greater than 20 millimeters with features consistent with a paris is classification.,0.0,0.0,0.0,1,0,0,1
polyp measuring less than 5 millimeters,0.0,0.0,0.0,10,0,0,10
polyp measuring less than 5 millimeters with a paris iia morphology,0.0,0.0,0.0,1,0,0,1
polyp measuring less than 5 millimeters with a sessile morphology,0.0,0.0,0.0,1,0,0,1
polyp measuring less than 5 millimeters with paris iia morphology,0.0,0.0,0.0,1,0,0,1
polyp noted in the colon. image obtained via colonoscopy.,0.0,0.0,0.0,1,0,0,1
polyp noted in the gastrointestinal tract. text is present.,0.0,0.0,0.0,1,0,0,1
polyp noted in the gastrointestinal tract. text is visible.,0.0,0.0,0.0,1,0,0,1
polyp snare and endoscopic tube present,0.0,0.0,0.0,1,0,0,1
polyp snare and feeding tube visible,0.0,0.0,0.0,1,0,0,1
polyp snare and tube detected,0.0,0.0,0.0,1,0,0,1
polyp snare identified,0.0,0.0,0.0,1,0,0,1
polyp with hyperplastic features,0.0,0.0,0.0,1,0,0,1
polyp with irregular morphology,0.0,0.0,0.0,1,0,0,1
polyp with sessile morphology,0.0,0.0,0.0,1,0,0,1
polyp with villous features,0.0,0.0,0.0,1,0,0,1
polyp with villous histology,0.0,0.0,0.0,1,0,0,1
polypoid lesion identified in the colon during colonoscopy.,0.0,0.0,0.0,1,0,0,1
polyps measuring 5 to 10 millimeters and 11 to 20 millimeters are present.,0.0,0.0,0.0,1,0,0,1
"polyps not completely excised, image from colonoscopy procedure",0.0,0.0,0.0,1,0,0,1
"polyps not fully removed, with residual lesion less than 5 millimeters in size",0.0,0.0,0.0,1,0,0,1
polyps remain in place and artifacts are visible,0.0,0.0,0.0,1,0,0,1
polyps remain in place and green/black box artifacts are present,0.0,0.0,0.0,1,0,0,1
polyps remain in the colon,0.0,0.0,0.0,1,0,0,1
polyps remain in the colon and imaging artifacts are present,0.0,0.0,0.0,1,0,0,1
polyps remain in the colon following the procedure.,0.0,0.0,0.0,1,0,0,1
polyps remain present and green and black box artefacts are observed,0.0,0.0,0.0,1,0,0,1
polyps remain present and green and black box artifacts are observed,0.0,0.0,0.0,1,0,0,1
polyps remain present and green and black box artifacts are observed.,0.0,0.0,0.0,1,0,0,1
polyps remain present and text is visible,0.0,0.0,0.0,2,0,0,2
polyps remain present and text is visible on the image.,0.0,0.0,0.0,1,0,0,1
polyps remain with a size measuring 5 to 10 millimeters.,0.0,0.0,0.0,1,0,0,1
"polyps remain, with a size of 5 to 10 millimeters.",0.0,0.0,0.0,1,0,0,1
polyps remaining in colon,0.0,0.0,0.0,1,0,0,1
presence of a colonic polyp,0.0,0.0,0.0,2,0,0,2
presence of a colonic polyp identified during colonoscopy.,0.0,0.0,0.0,1,0,0,1
presence of a colonic polyp noted during colonoscopy,0.0,0.0,0.0,1,0,0,1
presence of a hyperplastic polyp,0.0,0.0,0.0,1,0,0,1
presence of a paris iia classification polyp observed,0.0,0.0,0.0,1,0,0,1
presence of a pedunculated polyp identified in the colon.,0.0,0.0,0.0,1,0,0,1
"presence of a single colonic polyp noted, not completely removed",0.0,0.0,0.0,1,0,0,1
"presence of a single colonic polyp noted, with no evidence of complete removal",0.0,0.0,0.0,1,0,0,1
presence of a single polyp detected in the gastrointestinal tract.,0.0,0.0,0.0,1,0,0,1
"presence of a single polyp is noted, with no evidence of complete removal.",0.0,0.0,0.0,1,0,0,1
presence of a single polyp noted in the colon.,0.0,0.0,0.0,2,0,0,2
presence of a single tube noted,0.0,0.0,0.0,1,0,0,1
presence of a small polyp noted. text is visible.,0.0,0.0,0.0,1,0,0,1
presence of a visible polyp detected in the gastrointestinal tract.,0.0,0.0,0.0,1,0,0,1
presence of colonic polyp,0.0,0.0,0.0,6,0,0,6
presence of dark-colored artifacts,0.0,0.0,0.0,1,0,0,1
presence of green and black artifacts,0.0,0.0,0.0,3,0,0,3
presence of green and black box artefacts noted during colonoscopy,0.0,0.0,0.0,1,0,0,1
presence of green and black box artefacts noted. polyp measures less than 5 millimeters.,0.0,0.0,0.0,1,0,0,1
presence of green and black box artifacts,0.0,0.0,0.0,7,0,0,7
"presence of one or more polyps noted, with no evidence of complete removal",0.0,0.0,0.0,1,0,0,1
presence of paris-type polyp,0.0,0.0,0.0,1,0,0,1
procedure appears to be a colonoscopy with no text present,0.0,0.0,0.0,1,0,0,1
procedure appears to be a diagnostic gastroscopy without evidence of box artifacts,0.0,0.0,0.0,1,0,0,1
procedure indicates gastroscopy with visible textual markings,0.0,0.0,0.0,1,0,0,1
procedure involved colonoscopy,0.0,0.0,0.0,1,0,0,1
procedure involving colonoscopy,0.0,0.0,0.0,2,0,0,2
procedure is a colonoscopy with a paris iia polyp observed,0.0,0.0,0.0,1,0,0,1
procedure is a colonoscopy with a polyp measuring 5 to 10 millimeters in size.,0.0,0.0,0.0,1,0,0,1
procedure is a colonoscopy with no evidence of green or black box artifact,0.0,0.0,0.0,1,0,0,1
procedure is a colonoscopy with no evidence of green or black box artifacts,0.0,0.0,0.0,1,0,0,1
procedure is a colonoscopy with no identifiable anatomical landmarks present.,0.0,0.0,0.0,4,0,0,4
procedure is a colonoscopy with no visible polyps remaining,0.0,0.0,0.0,2,0,0,2
procedure is a colonoscopy with visible text markings,0.0,0.0,0.0,1,0,0,1
procedure is colonoscopy,0.0,0.0,0.0,1,0,0,1
procedure is colonoscopy with no polyps identified,0.0,0.0,0.0,1,0,0,1
procedure is colonoscopy with no residual polyps noted,0.0,0.0,0.0,1,0,0,1
procedure is colonoscopy with no visible anatomical landmarks,0.0,0.0,0.0,1,0,0,1
procedure is colonoscopy without evidence of green or black box artifacts,0.0,0.0,0.0,1,0,0,1
"procedure is colonoscopy, no polyps noted for removal",0.0,0.0,0.0,1,0,0,1
procedure is gastroscopy,0.0,0.0,0.0,1,0,0,1
procedure is gastroscopy with no box artifacts noted,0.0,0.0,0.0,1,0,0,1
procedure is gastroscopy with no evidence of green or black box artifacts,0.0,0.0,0.0,1,0,0,1
procedure is gastroscopy with no evidence of polyp removal,0.0,0.0,0.0,1,0,0,1
procedure is gastroscopy with no evidence of polyps present,0.0,0.0,0.0,1,0,0,1
procedure is gastroscopy with no instruments observed,0.0,0.0,0.0,1,0,0,1
procedure is gastroscopy with no instruments present,0.0,0.0,0.0,1,0,0,1
procedure is gastroscopy with no text observed,0.0,0.0,0.0,1,0,0,1
procedure is gastroscopy with no visible instruments,0.0,0.0,0.0,1,0,0,1
procedure is gastroscopy with no visible polypoid lesions,0.0,0.0,0.0,1,0,0,1
procedure is gastroscopy with no visible polyps observed,0.0,0.0,0.0,1,0,0,1
procedure performed is colonoscopy with evidence of paris iia polyp,0.0,0.0,0.0,1,0,0,1
procedure performed using colonoscope,0.0,0.0,0.0,1,0,0,1
procedure performed using gastroscopy,0.0,0.0,0.0,1,0,0,1
procedure performed via colonoscopy,0.0,0.0,0.0,13,0,0,13
procedure performed via gastroscopy,0.0,0.0,0.0,1,0,0,1
procedure performed with colonoscope,0.0,0.0,0.0,1,0,0,1
procedure shown is a colonoscopy with evidence of inflammatory changes in the colonic mucosa.,0.0,0.0,0.0,1,0,0,1
procedure shown is gastroscopy with no visible polyp present.,0.0,0.0,0.0,1,0,0,1
procedure shows a colonoscopy with a large polyp measuring greater than 20 millimeters,0.0,0.0,0.0,1,0,0,1
procedure shows colonoscopy findings with no visible instruments,0.0,0.0,0.0,1,0,0,1
prominent z-line and evidence of esophageal inflammation,0.0,0.0,0.0,1,0,0,1
prominent z-line and two distinct findings observed,0.0,0.0,0.0,1,0,0,1
prominent z-line is observed at the gastroesophageal junction.,0.0,0.0,0.0,1,0,0,1
prominent z-line is observed with evidence of inflammatory changes in the esophagus.,0.0,0.0,0.0,1,0,0,1
residual polyp identified with histopathological features consistent with a tubular adenoma,0.0,0.0,0.0,1,0,0,1
residual polyp noted with parietal type ii morphology,0.0,0.0,0.0,1,0,0,1
"residual polyp noted, consistent with paris type iia morphology",0.0,0.0,0.0,1,0,0,1
residual polyp observed in the gastrointestinal tract.,0.0,0.0,0.0,1,0,0,1
residual polyp observed with parietal type morphology,0.0,0.0,0.0,1,0,0,1
"residual polyp seen, demonstrating paris-type morphology",0.0,0.0,0.0,1,0,0,1
residual polyp tissue noted,0.0,0.0,0.0,1,0,0,1
residual polyp tissue noted with unspecified histology,0.0,0.0,0.0,1,0,0,1
residual polyp tissue observed with parietal type morphology,0.0,0.0,0.0,1,0,0,1
residual polypoid lesions present,0.0,0.0,0.0,3,0,0,3
residual polyps detected,0.0,0.0,0.0,3,0,0,3
residual polyps identified,0.0,0.0,0.0,4,0,0,4
residual polyps noted,0.0,0.0,0.0,6,0,0,6
"residual polyps noted, and text is present",0.0,0.0,0.0,1,0,0,1
residual polyps observed,0.0,0.0,0.0,2,0,0,2
residual polyps present,0.0,0.0,0.0,16,0,0,16
residual polyps remain,0.0,0.0,0.0,3,0,0,3
residual polyps remain present,0.0,0.0,0.0,3,0,0,3
residual polyps remaining,0.0,0.0,0.0,6,0,0,6
single abnormal finding present,0.0,0.0,0.0,1,0,0,1
small polyp observed with dimensions less than 5 millimeters,0.0,0.0,0.0,1,0,0,1
some polyps remain and text is present,0.0,0.0,0.0,1,0,0,1
some polyps remain and there are areas of green and black artifact.,0.0,0.0,0.0,1,0,0,1
some polyps remain in place,0.0,0.0,0.0,7,0,0,7
some polyps remain in situ,0.0,0.0,0.0,2,0,0,2
some polyps remain in the colon,0.0,0.0,0.0,3,0,0,3
some polyps remain in the colonic mucosa,0.0,0.0,0.0,1,0,0,1
some polyps remain present,0.0,0.0,0.0,3,0,0,3
some polyps remain unidentified,0.0,0.0,0.0,1,0,0,1
some polyps remain unremoved,0.0,0.0,0.0,1,0,0,1
"some polyps remain, and text is present in the image.",0.0,0.0,0.0,1,0,0,1
"some polyps remain, and there is an appearance of green and black box artifacts",0.0,0.0,0.0,1,0,0,1
"some polyps remain, with sizes ranging from 5 to 10 millimeters and larger than 20 millimeters.",0.0,0.0,0.0,1,0,0,1
some polyps remain; text is present in the image.,0.0,0.0,0.0,2,0,0,2
some polyps remain; text is visible,0.0,0.0,0.0,1,0,0,1
some polyps remaining,0.0,0.0,0.0,2,0,0,2
some polyps remaining in colon,0.0,0.0,0.0,1,0,0,1
text annotations are present with no evidence of polypoid lesions,0.0,0.0,0.0,1,0,0,1
text detected in image,0.0,0.0,0.0,1,0,0,1
text detected in the image,0.0,0.0,0.0,8,0,0,8
text detected on image,0.0,0.0,0.0,8,0,0,8
text detected on imaging,0.0,0.0,0.0,1,0,0,1
text detected on imaging study,0.0,0.0,0.0,1,0,0,1
text detected on the image,0.0,0.0,0.0,15,0,0,15
text identified in the image,0.0,0.0,0.0,3,0,0,3
text identified on the image,0.0,0.0,0.0,5,0,0,5
text is clearly visible,0.0,0.0,0.0,2,0,0,2
text is present and a paris iia polyp is identified.,0.0,0.0,0.0,2,0,0,2
text is present and a paris ip polyp is identified,0.0,0.0,0.0,1,0,0,1
text is present and a paris type iia polyp is identified,0.0,0.0,0.0,1,0,0,1
text is present and a polyp measuring 5 to 10 millimeters is identified.,0.0,0.0,0.0,1,0,0,1
text is present and a polyp measuring 5 to 10 millimeters is noted.,0.0,0.0,0.0,1,0,0,1
text is present and a sessile polyp is identified,0.0,0.0,0.0,1,0,0,1
text is present and a tube is visible in the image,0.0,0.0,0.0,1,0,0,1
text is present and cecal landmark is identified,0.0,0.0,0.0,1,0,0,1
text is present and clearly visible,0.0,0.0,0.0,1,0,0,1
text is present and evidence of paris classification polyp is noted,0.0,0.0,0.0,1,0,0,1
text is present and evidence of paris ip polyp found,0.0,0.0,0.0,1,0,0,1
text is present and evidence of paris ip polyp observed,0.0,0.0,0.0,1,0,0,1
text is present and evidence of paris polyp observed,0.0,0.0,0.0,1,0,0,1
text is present and evidence of ulcerative colitis is noted,0.0,0.0,0.0,1,0,0,1
text is present and image is from a colonoscopy procedure,0.0,0.0,0.0,1,0,0,1
text is present and no polyps are identified,0.0,0.0,0.0,1,0,0,1
text is present and not all polyps have been removed,0.0,0.0,0.0,1,0,0,1
text is present and polyp measures 11 to 20 millimeters,0.0,0.0,0.0,2,0,0,2
text is present and polyp measures 5 to 10 millimeters,0.0,0.0,0.0,3,0,0,3
text is present and polyp measures 5 to 10 millimeters.,0.0,0.0,0.0,1,0,0,1
text is present and polyp measures between 11 to 20 millimeters,0.0,0.0,0.0,2,0,0,2
text is present and polyp measures greater than 20 millimeters,0.0,0.0,0.0,1,0,0,1
text is present and polyp removal status is not applicable,0.0,0.0,0.0,1,0,0,1
text is present and readable,0.0,0.0,0.0,1,0,0,1
text is present and shows a paris type iia polyp.,0.0,0.0,0.0,1,0,0,1
text is present and the image is from a colonoscopy procedure,0.0,0.0,0.0,2,0,0,2
text is present and the image is from a colonoscopy procedure.,0.0,0.0,0.0,2,0,0,2
text is present and the image was obtained during a colonoscopy,0.0,0.0,0.0,1,0,0,1
text is present and the image was obtained during a colonoscopy procedure.,0.0,0.0,0.0,4,0,0,4
text is present and the image was obtained during a gastroscopy procedure.,0.0,0.0,0.0,1,0,0,1
text is present and the polyp measures 11 to 20 millimeters in size.,0.0,0.0,0.0,1,0,0,1
text is present and the polyp measures 5 to 10 millimeters in size,0.0,0.0,0.0,1,0,0,1
text is present and the polyp measures 5 to 10 millimeters in size.,0.0,0.0,0.0,1,0,0,1
text is present and the polyp measures 5 to 10 millimeters with additional areas greater than 20 millimeters,0.0,0.0,0.0,1,0,0,1
text is present and the polyp measures greater than 20 millimeters,0.0,0.0,0.0,1,0,0,1
text is present and the polyp measures less than 5 millimeters,0.0,0.0,0.0,2,0,0,2
text is present and visible,0.0,0.0,0.0,1,0,0,1
text is present and z-line is identified,0.0,0.0,0.0,1,0,0,1
text is present in the field of view,0.0,0.0,0.0,1,0,0,1
text is present in the image,0.0,0.0,0.0,32,0,0,32
text is present in the image and the image is from a colonoscopy procedure.,0.0,0.0,0.0,2,0,0,2
text is present in the image and the procedure is a colonoscopy,0.0,0.0,0.0,1,0,0,1
text is present in the image and the procedure performed was a colonoscopy,0.0,0.0,0.0,1,0,0,1
text is present in the image and the procedure performed was a colonoscopy.,0.0,0.0,0.0,4,0,0,4
text is present in the image and the procedure performed was colonoscopy.,0.0,0.0,0.0,1,0,0,1
text is present in the image from a colonoscopy procedure.,0.0,0.0,0.0,2,0,0,2
"text is present in the image, and the procedure is a colonoscopy.",0.0,0.0,0.0,1,0,0,1
"text is present in the image, and the procedure performed was a colonoscopy.",0.0,0.0,0.0,1,0,0,1
text is present on the image,0.2397,0.9062,0.3791,64,58,184,6
text is present on the image and a paris classification polyp is identified.,0.0,0.0,0.0,1,0,0,1
text is present on the image and polyp removal is not applicable.,0.0,0.0,0.0,1,0,0,1
text is present on the image and the procedure performed was a colonoscopy.,0.0,0.0,0.0,1,0,0,1
"text is present on the image, and the procedure was a colonoscopy.",0.0,0.0,0.0,1,0,0,1
text is present on the image. a paris classification polyp is identified.,0.0,0.0,0.0,1,0,0,1
text is present on the image. polyp removal is not applicable in this case.,0.0,0.0,0.0,1,0,0,1
text is present on the image. the status of polyp removal is not clinically relevant.,0.0,0.0,0.0,1,0,0,1
text is present on the image. the status of polyp removal is not pertinent to the current assessment.,0.0,0.0,0.0,1,0,0,1
text is present with evidence of a paris ip polyp,0.0,0.0,0.0,1,0,0,1
text is present with no evidence of polyp formation,0.0,0.0,0.0,1,0,0,1
text is visible and a paris polyp is identified,0.0,0.0,0.0,1,0,0,1
text is visible and a paris-type polyp is present,0.0,0.0,0.0,1,0,0,1
text is visible and a sessile polyp is identified,0.0,0.0,0.0,1,0,0,1
text is visible and a tube is present in the field of view,0.0,0.0,0.0,1,0,0,1
text is visible and evidence of a paris iia polyp is noted,0.0,0.0,0.0,1,0,0,1
text is visible and evidence of inflammatory bowel disease is present,0.0,0.0,0.0,1,0,0,1
text is visible and evidence of paris ip polyp detected,0.0,0.0,0.0,1,0,0,1
text is visible and polyp measures 5 to 10 millimeters,0.0,0.0,0.0,1,0,0,1
text is visible and the image is from a colonoscopy procedure,0.0,0.0,0.0,3,0,0,3
text is visible and the image is from a colonoscopy procedure.,0.0,0.0,0.0,1,0,0,1
text is visible and the image is from a gastroscopy procedure,0.0,0.0,0.0,1,0,0,1
text is visible and the image was obtained during a colonoscopy procedure,0.0,0.0,0.0,1,0,0,1
"text is visible in the image, and the procedure performed was a colonoscopy.",0.0,0.0,0.0,1,0,0,1
"text is visible in the image, and the procedure was a colonoscopy.",0.0,0.0,0.0,1,0,0,1
text is visible on the image,0.0,0.0,0.0,8,0,0,8
text is visible on the image and a paris-type polyp is identified.,0.0,0.0,0.0,1,0,0,1
text is visible on the image and not all polyps have been removed.,0.0,0.0,0.0,1,0,0,1
text is visible on the image and the procedure was a gastroscopy.,0.0,0.0,0.0,1,0,0,1
"text is visible on the image, and the procedure was a colonoscopy.",0.0,0.0,0.0,1,0,0,1
text is visible on the image. only a single finding is present.,0.0,0.0,0.0,1,0,0,1
text is visible on the image. polyp removal is not indicated.,0.0,0.0,0.0,1,0,0,1
text is visible within the image and the procedure corresponds to a colonoscopy.,0.0,0.0,0.0,1,0,0,1
text noted on image,0.0,0.0,0.0,1,0,0,1
text observed in the image,0.0,0.0,0.0,4,0,0,4
text observed on image,0.0,0.0,0.0,5,0,0,5
text observed on the image,0.0,0.0,0.0,12,0,0,12
text present in image,0.0,0.0,0.0,1,0,0,1
text present in the image,0.0,0.0,0.0,16,0,0,16
text present on image,0.0,0.0,0.0,5,0,0,5
text present on the image,0.0,0.0,0.0,58,0,0,58
text present on the imaging study,0.0,0.0,0.0,5,0,0,5
text visible on image,0.0,0.0,0.0,5,0,0,5
text visible on imaging,0.0,0.0,0.0,2,0,0,2
text visible on the image,0.0,0.0,0.0,7,0,0,7
textual content is present,0.0,0.0,0.0,2,0,0,2
textual content is visible,0.0,0.0,0.0,2,0,0,2
textual content observed,0.0,0.0,0.0,2,0,0,2
textual content present,0.0,0.0,0.0,12,0,0,12
textual content visible,0.0,0.0,0.0,3,0,0,3
textual elements are present,0.0,0.0,0.0,1,0,0,1
textual elements identified,0.0,0.0,0.0,1,0,0,1
textual elements observed,0.0,0.0,0.0,4,0,0,4
textual elements present,0.0,0.0,0.0,1,0,0,1
textual information is present,0.0,0.0,0.0,1,0,0,1
textual information is visible,0.0,0.0,0.0,1,0,0,1
textual information observed,0.0,0.0,0.0,3,0,0,3
textual information present,0.0,0.0,0.0,7,0,0,7
the image is from a colonoscopy showing a polyp larger than 20 millimeters in size.,0.0,0.0,0.0,1,0,0,1
the image is from a colonoscopy showing a sessile polyp.,0.0,0.0,0.0,1,0,0,1
the image is from a colonoscopy showing paris iia and paris is polyps.,0.0,0.0,0.0,1,0,0,1
the image is from a colonoscopy showing text and demonstrating the presence of biopsy forceps.,0.0,0.0,0.0,1,0,0,1
the image is from a colonoscopy with no evidence of green or black box artifacts,0.0,0.0,0.0,1,0,0,1
the image is from a colonoscopy with no identifiable anatomical landmarks and shows a green/black box artefact.,0.0,0.0,0.0,1,0,0,1
the image is from a colonoscopy with no identifiable anatomical landmarks or instruments present.,0.0,0.0,0.0,1,0,0,1
the image is from a colonoscopy with no identifiable anatomical landmarks present.,0.0,0.0,0.0,2,0,0,2
the image is from a colonoscopy with no instruments or polyps observed.,0.0,0.0,0.0,1,0,0,1
the image is from a colonoscopy with no instruments present in the field of view.,0.0,0.0,0.0,1,0,0,1
the image is from a colonoscopy with no instruments visible and contains textual information.,0.0,0.0,0.0,1,0,0,1
the image is from a colonoscopy with no polyps identified and no evidence of prior removal.,0.0,0.0,0.0,1,0,0,1
the image is from a colonoscopy with no polyps identified.,0.0,0.0,0.0,1,0,0,1
the image is from a colonoscopy with no polyps observed.,0.0,0.0,0.0,1,0,0,1
the image is from a colonoscopy with no text and evidence of green/black box artifacts.,0.0,0.0,0.0,1,0,0,1
the image is from a colonoscopy with no text observed and a polyp noted.,0.0,0.0,0.0,1,0,0,1
the image is from a colonoscopy with no visible anatomical landmarks or instruments.,0.0,0.0,0.0,1,0,0,1
the image is from a colonoscopy with no visible green or black box artifacts and a tube is present.,0.0,0.0,0.0,1,0,0,1
the image is from a colonoscopy with no visible green or black box artifacts and no evidence of polyp removal.,0.0,0.0,0.0,1,0,0,1
the image is from a colonoscopy with no visible green or black box artifacts and no remaining polyps detected.,0.0,0.0,0.0,1,0,0,1
the image is from a colonoscopy with no visible instruments,0.0,0.0,0.0,1,0,0,1
the image is from a colonoscopy with no visible instruments and text present.,0.0,0.0,0.0,1,0,0,1
the image is from a colonoscopy with no visible polyps remaining.,0.0,0.0,0.0,1,0,0,1
the image is from a colonoscopy with no visible text or green/black box artifacts.,0.0,0.0,0.0,1,0,0,1
the image is from a colonoscopy with visible text and no green or black box artefacts.,0.0,0.0,0.0,1,0,0,1
"the image is from a colonoscopy, with no green or black box artifacts noted, and polyp removal is not relevant to the current examination.",0.0,0.0,0.0,1,0,0,1
the image is from a gastroscopy procedure with no visible instruments and the z-line is present.,0.0,0.0,0.0,1,0,0,1
the image is from a gastroscopy with no instrumentation present.,0.0,0.0,0.0,1,0,0,1
the image is from a gastroscopy with no instruments present and evidence of oesophagitis.,0.0,0.0,0.0,1,0,0,1
the image is from a gastroscopy with no polyps identified.,0.0,0.0,0.0,1,0,0,1
the image is from a gastroscopy with no visible artifacts and no instruments present.,0.0,0.0,0.0,1,0,0,1
"the image is from a gastroscopy, no evidence of residual polyps, and no green or black box artefacts observed.",0.0,0.0,0.0,1,0,0,1
"the image is from a gastroscopy, no imaging artifacts are present, and no residual polyps were identified.",0.0,0.0,0.0,1,0,0,1
"the image is from a gastroscopy, no polyps are identified, and no text is visible.",0.0,0.0,0.0,1,0,0,1
"the image is from a gastroscopy, no polyps are present, and no instruments are visible.",0.0,0.0,0.0,1,0,0,1
"the image is from a gastroscopy, text is visible, and no polyps are present.",0.0,0.0,0.0,1,0,0,1
the image shows a colonoscopy with a 5 to 10 millimeter polyp detected.,0.0,0.0,0.0,1,0,0,1
the image shows a colonoscopy with a large polyp measuring greater than 20 millimeters.,0.0,0.0,0.0,1,0,0,1
the image shows a colonoscopy with a paris classification iia polyp.,0.0,0.0,0.0,1,0,0,1
the image shows a colonoscopy with a paris iia polyp identified.,0.0,0.0,0.0,1,0,0,1
the image shows a colonoscopy with a paris ip polyp measuring 11 to 20 millimeters in size.,0.0,0.0,0.0,1,0,0,1
the image shows a colonoscopy with a polyp measuring between 5 to 10 millimeters.,0.0,0.0,0.0,1,0,0,1
the image shows a colonoscopy with a single tubular instrument in view.,0.0,0.0,0.0,1,0,0,1
the image shows a colonoscopy with a tube visible and no polyps remaining.,0.0,0.0,0.0,1,0,0,1
the image shows a colonoscopy with a tube visible in the gastrointestinal tract.,0.0,0.0,0.0,2,0,0,2
the image shows a colonoscopy with a visible tubular structure and a polyp measuring 11 to 20 millimeters in size.,0.0,0.0,0.0,1,0,0,1
the image shows a colonoscopy with artefacts visible and no evidence of polyp removal.,0.0,0.0,0.0,1,0,0,1
the image shows a colonoscopy with evidence of ulcerative colitis and no visible instrumentation.,0.0,0.0,0.0,1,0,0,1
the image shows a colonoscopy with no anatomical landmarks identified and no green/black box artefact observed.,0.0,0.0,0.0,1,0,0,1
the image shows a colonoscopy with no artefacts and a tube visible in the bowel lumen.,0.0,0.0,0.0,1,0,0,1
the image shows a colonoscopy with no artefacts and no evidence of polyp removal.,0.0,0.0,0.0,1,0,0,1
the image shows a colonoscopy with no green or black box artifacts and a tube visible in the field of view.,0.0,0.0,0.0,1,0,0,1
the image shows a colonoscopy with no identifiable anatomical landmarks and evidence of ulcerative colitis.,0.0,0.0,0.0,1,0,0,1
the image shows a colonoscopy with no identifiable anatomical landmarks and includes textual information.,0.0,0.0,0.0,1,0,0,1
the image shows a colonoscopy with no identifiable landmarks and no polyps observed.,0.0,0.0,0.0,1,0,0,1
the image shows a colonoscopy with no instruments visible and a paris-type polyp noted.,0.0,0.0,0.0,1,0,0,1
the image shows a colonoscopy with no instruments visible and evidence of inflammatory changes consistent with ulcerative colitis.,0.0,0.0,0.0,1,0,0,1
the image shows a colonoscopy with no polyps and no instruments visible.,0.0,0.0,0.0,1,0,0,1
the image shows a colonoscopy with no polyps identified and no anatomical landmarks noted.,0.0,0.0,0.0,1,0,0,1
the image shows a colonoscopy with no polyps identified and no evidence of previous polypectomy.,0.0,0.0,0.0,1,0,0,1
the image shows a colonoscopy with no polyps identified and text visible.,0.0,0.0,0.0,1,0,0,1
"the image shows a colonoscopy with no polyps identified, making polyp removal unrelated.",0.0,0.0,0.0,1,0,0,1
the image shows a colonoscopy with no polyps or instruments present.,0.0,0.0,0.0,1,0,0,1
the image shows a colonoscopy with no polyps removed and no anatomical landmarks present.,0.0,0.0,0.0,2,0,0,2
the image shows a colonoscopy with no visible anatomical landmarks.,0.0,0.0,0.0,1,0,0,1
the image shows a colonoscopy with no visible green or black box artifacts and no evidence of polyp removal.,0.0,0.0,0.0,1,0,0,1
the image shows a colonoscopy with no visible instruments,0.0,0.0,0.0,1,0,0,1
the image shows a colonoscopy with no visible polyps remaining.,0.0,0.0,0.0,2,0,0,2
the image shows a colonoscopy with residual polyps and a polyp snare visible along with the endoscope tube.,0.0,0.0,0.0,1,0,0,1
the image shows a colonoscopy with visible text and a tube in the field of view.,0.0,0.0,0.0,2,0,0,2
the image shows a colonoscopy with visible text and biopsy forceps along with a tube.,0.0,0.0,0.0,1,0,0,1
the image shows a colonoscopy with visible text and evidence of ulcerative colitis.,0.0,0.0,0.0,1,0,0,1
the image shows a colonoscopy with visible text and no identifiable anatomical landmarks.,0.0,0.0,0.0,1,0,0,1
"the image shows a colonoscopy, and no polyps are present for removal.",0.0,0.0,0.0,1,0,0,1
the image shows a gastroscopy procedure with no visible instruments.,0.0,0.0,0.0,1,0,0,1
the image shows a gastroscopy with a metal clip and visualization of the z-line.,0.0,0.0,0.0,1,0,0,1
the image shows a gastroscopy with evidence of oesophagitis and no instrument visible.,0.0,0.0,0.0,1,0,0,1
the image shows a gastroscopy with no evidence of green or black box artifacts.,0.0,0.0,0.0,1,0,0,1
the image shows a gastroscopy with no evidence of polyps detected.,0.0,0.0,0.0,1,0,0,1
the image shows a gastroscopy with no evidence of polyps.,0.0,0.0,0.0,1,0,0,1
the image shows a gastroscopy with no green or black box artifacts and polyp removal is not indicated.,0.0,0.0,0.0,1,0,0,1
the image shows a gastroscopy with no instruments or polyps observed.,0.0,0.0,0.0,1,0,0,1
the image shows a gastroscopy with no instruments present and no residual polyps.,0.0,0.0,0.0,1,0,0,1
the image shows a gastroscopy with no instruments visible and evidence of esophageal inflammation.,0.0,0.0,0.0,1,0,0,1
the image shows a gastroscopy with no polyps and evidence of oesophagitis.,0.0,0.0,0.0,1,0,0,1
the image shows a gastroscopy with no polyps detected and no instruments visible.,0.0,0.0,0.0,1,0,0,1
the image shows a gastroscopy with no polyps identified.,0.0,0.0,0.0,1,0,0,1
the image shows a gastroscopy with no polyps or instruments present.,0.0,0.0,0.0,1,0,0,1
the image shows a gastroscopy with no residual polyps and no polyp detected.,0.0,0.0,0.0,1,0,0,1
the image shows a gastroscopy with no visible instruments and no polyp identified.,0.0,0.0,0.0,1,0,0,1
the image shows a gastroscopy with no visible instruments.,0.0,0.0,0.0,1,0,0,1
the image shows a gastroscopy with no visible polyps and evidence of esophagitis.,0.0,0.0,0.0,1,0,0,1
the image shows a gastroscopy with visible z-line anatomy.,0.0,0.0,0.0,1,0,0,1
"the image shows a gastroscopy, and no polyps are currently present.",0.0,0.0,0.0,1,0,0,1
the image shows a normal gastroscopy with no polyps identified.,0.0,0.0,0.0,1,0,0,1
the image shows findings from a gastroscopy with evidence of barrett's and esophagitis.,0.0,0.0,0.0,1,0,0,1
"the polyp measures 5 to 10 millimeters, and no instruments are present in the image.",0.0,0.0,0.0,1,0,0,1
"the polyp measures 5-10 millimeters, and the z-line is visible.",0.0,0.0,0.0,1,0,0,1
"the procedure is a colonoscopy, text is visible, and no instrument is present in the image.",0.0,0.0,0.0,1,0,0,1
"the procedure was a colonoscopy, text is present, and no green or black box artefacts are observed.",0.0,0.0,0.0,1,0,0,1
there is a 11-20mm polyp present with visible text in the image.,0.0,0.0,0.0,1,0,0,1
there is a 11-20mm polyp with a paris iia morphology.,0.0,0.0,0.0,1,0,0,1
there is a moderately sized polyp noted in the colon.,0.0,0.0,0.0,1,0,0,1
there is a polyp measuring 11 to 20 millimeters in size with no visible text present.,0.0,0.0,0.0,1,0,0,1
there is a residual polyp detected in the gastrointestinal tract.,0.0,0.0,0.0,1,0,0,1
there is evidence of a colorectal polyp seen during colonoscopy.,0.0,0.0,0.0,1,0,0,1
there is evidence of a paris iia type polyp observed in the gastrointestinal tract.,0.0,0.0,0.0,1,0,0,1
there is evidence of a paris type iia polyp in the gastrointestinal tract.,0.0,0.0,0.0,1,0,0,1
there is evidence of a residual polyp in the colon.,0.0,0.0,0.0,1,0,0,1
"three distinct findings are observed, with no text present and one polyp noted.",0.0,0.0,0.0,1,0,0,1
tube located in the abdominal area,0.0,0.0,0.0,1,0,0,1
tube located in the abdominal region,0.0,0.0,0.0,2,0,0,2
tube present in the abdominal region,0.0,0.0,0.0,2,0,0,2
tube visible in abdominal region,0.0,0.0,0.0,1,0,0,1
tube visible in gastric region,0.0,0.0,0.0,1,0,0,1
tube visible in the abdominal region,0.0,0.0,0.0,13,0,0,13
tube visible in the gastric region,0.0,0.0,0.0,8,0,0,8
tube visible in the gastrointestinal tract,0.0,0.0,0.0,1,0,0,1
tube visible in the stomach region,0.0,0.0,0.0,1,0,0,1
tube visible in the upper abdomen,0.0,0.0,0.0,1,0,0,1
tube visible in upper abdominal region,0.0,0.0,0.0,2,0,0,2
tube visible in upper-left quadrant,0.0,0.0,0.0,3,0,0,3
tube visualized in the abdominal region,0.0,0.0,0.0,1,0,0,1
two distinct abnormalities noted,0.0,0.0,0.0,1,0,0,1
two distinct abnormalities observed,0.0,0.0,0.0,1,0,0,1
visible text observed and evidence of paris polyp,0.0,0.0,0.0,1,0,0,1
visible tube in the imaging field and presence of text noted,0.0,0.0,0.0,1,0,0,1
